model,interval_h,predose_dimensionless_per_mg,offset_minus2,offset_plus2
M0_extended,6,0.43266887678412863,0.8683702918433519,0.19360541821525284
M0_extended,12,0.03126477606583031,0.07678581949787308,0.01238762498381231
M0_extended,24,9.692497863645285e-05,0.00026051567941769296,3.5838380097802243e-05
M1_extended,6,0.08904484622219223,0.24234198723105713,0.03271816299490067
M1_extended,12,0.00420845378744123,0.011453611267671507,0.0015463317958955912
M1_extended,24,1.0330846129590076e-05,2.811614469607761e-05,3.7959109581675877e-06
P2V_M2_extended_n9,6,0.10060879172032221,0.1784583798707793,0.060514489199176916
P2V_M2_extended_n9,12,0.018183645263798107,0.029981751197667883,0.011029443910486054
P2V_M2_extended_n9,24,0.0008626563411619561,0.001422194869540477,0.0005232587875570262
P2V_M2_primary_n8,6,0.10325817103839387,0.17954202206838077,0.06406495002111069
P2V_M2_primary_n8,12,0.0201720192122562,0.032185531098804884,0.012644516758243442
P2V_M2_primary_n8,24,0.0011537901020549472,0.0018406266717579597,0.0007232491088374382
P2V_M2_Price_baseline0,6,0.4338331090605647,0.5263339973845069,0.38508833053025915
P2V_M2_Price_baseline0,12,0.18012259740525924,0.19988532782206822,0.16241836796829748
P2V_M2_Price_baseline0,24,0.06299387034129315,0.06985141566979741,0.056809554226405955
