case,time_h,old_population_pg_ml,new_population_pg_ml,absolute_error
single_2mg,0.25,152.4375856634444,152.4375856634444,0.0
single_2mg,0.5,237.4418522936429,237.4418522936429,0.0
single_2mg,0.75,277.38679454077635,277.38679454077635,0.0
single_2mg,0.7666666666666667,278.8647796055317,278.8647796055317,0.0
single_2mg,1,288.04761285231825,288.04761285231825,0.0
single_2mg,1.5,262.08675359450626,262.08675359450626,0.0
single_2mg,2,211.97878069904303,211.97878069904303,0.0
single_2mg,3,117.03160281032781,117.03160281032781,0.0
single_2mg,4,57.47042051313871,57.47042051313871,0.0
single_2mg,6,11.771071008319517,11.771071008319517,0.0
single_2mg,8,2.2292093230707115,2.2292093230707115,0.0
single_2mg,12,0.17251403350640568,0.17251403350640568,0.0
single_2mg,24,0.0661168329695442,0.0661168329695442,0.0
single_1mg,0.25,76.2187928317222,76.2187928317222,0.0
single_1mg,0.5,118.72092614682145,118.72092614682145,0.0
single_1mg,0.75,138.69339727038818,138.69339727038818,0.0
single_1mg,0.7666666666666667,139.43238980276584,139.43238980276584,0.0
single_1mg,1,144.02380642615913,144.02380642615913,0.0
single_1mg,1.5,131.04337679725313,131.04337679725313,0.0
single_1mg,2,105.98939034952151,105.98939034952151,0.0
single_1mg,3,58.515801405163906,58.515801405163906,0.0
single_1mg,4,28.735210256569356,28.735210256569356,0.0
single_1mg,6,5.885535504159758,5.885535504159758,0.0
single_1mg,8,1.1146046615353558,1.1146046615353558,0.0
single_1mg,12,0.08625701675320284,0.08625701675320284,0.0
single_1mg,24,0.0330584164847721,0.0330584164847721,0.0
single_4mg,0.25,304.8751713268888,304.8751713268888,0.0
single_4mg,0.5,474.8837045872858,474.8837045872858,0.0
single_4mg,0.75,554.7735890815527,554.7735890815527,0.0
single_4mg,0.7666666666666667,557.7295592110634,557.7295592110634,0.0
single_4mg,1,576.0952257046365,576.0952257046365,0.0
single_4mg,1.5,524.1735071890125,524.1735071890125,0.0
single_4mg,2,423.95756139808606,423.95756139808606,0.0
single_4mg,3,234.06320562065562,234.06320562065562,0.0
single_4mg,4,114.94084102627743,114.94084102627743,0.0
single_4mg,6,23.542142016639033,23.542142016639033,0.0
single_4mg,8,4.458418646141423,4.458418646141423,0.0
single_4mg,12,0.34502806701281136,0.34502806701281136,0.0
single_4mg,24,0.1322336659390884,0.1322336659390884,0.0
daily_2mg,0.25,152.53157530550735,152.53157530550735,0.0
daily_2mg,0.5,237.53469282123018,237.53469282123018,0.0
daily_2mg,0.75,277.47849957503274,277.47849957503274,0.0
daily_2mg,0.7666666666666667,278.95640942136157,278.95640942136157,0.0
daily_2mg,1,288.1381958818479,288.1381958818479,0.0
daily_2mg,1.5,262.175132549931,262.175132549931,0.0
daily_2mg,2,212.06500793951213,212.06500793951213,0.0
daily_2mg,3,117.11367942508338,117.11367942508338,0.0
daily_2mg,4,57.54854312339963,57.54854312339963,0.0
daily_2mg,6,11.841841717922577,11.841841717922577,0.0
daily_2mg,8,2.293315126155544,2.293315126155544,0.0
daily_2mg,12,0.2251077861180853,0.2251077861180853,0.0
daily_2mg,24,0.0951525096697702,0.0951525096697702,0.0
twice_daily_2mg,0.25,152.74311784877546,152.74311784877546,0.0
twice_daily_2mg,0.5,237.73507704725776,237.73507704725776,0.0
twice_daily_2mg,0.75,277.669647016013,277.669647016013,0.0
twice_daily_2mg,0.7666666666666667,279.146999411804,279.146999411804,0.0
twice_daily_2mg,1,288.32164016112654,288.32164016112654,0.0
twice_daily_2mg,1.5,262.34659487959823,262.34659487959823,0.0
twice_daily_2mg,2,212.22764657934394,212.22764657934394,0.0
twice_daily_2mg,3,117.26399216955951,117.26399216955951,0.0
twice_daily_2mg,4,57.690034005788405,57.690034005788405,0.0
twice_daily_2mg,6,11.969484186814672,11.969484186814672,0.0
twice_daily_2mg,8,2.4090586130955978,2.4090586130955978,0.0
twice_daily_2mg,12,0.32026029578785503,0.32026029578785503,0.0
twice_daily_2mg,24,0.14774626228145213,0.14774626228145213,0.0
daily_4mg,0.25,305.0631506110147,305.0631506110147,0.0
daily_4mg,0.5,475.06938564246036,475.06938564246036,0.0
daily_4mg,0.75,554.9569991500655,554.9569991500655,0.0
daily_4mg,0.7666666666666667,557.9128188427231,557.9128188427231,0.0
daily_4mg,1,576.2763917636958,576.2763917636958,0.0
daily_4mg,1.5,524.350265099862,524.350265099862,0.0
daily_4mg,2,424.13001587902426,424.13001587902426,0.0
daily_4mg,3,234.22735885016675,234.22735885016675,0.0
daily_4mg,4,115.09708624679926,115.09708624679926,0.0
daily_4mg,6,23.683683435845154,23.683683435845154,0.0
daily_4mg,8,4.586630252311088,4.586630252311088,0.0
daily_4mg,12,0.4502155722361706,0.4502155722361706,0.0
daily_4mg,24,0.1903050193395404,0.1903050193395404,0.0
prior_2mg_6h,0.25,162.01154402451155,162.01154402451155,0.0
prior_2mg_6h,0.5,245.22107671468873,245.22107671468873,0.0
prior_2mg_6h,0.75,283.70312192414565,283.70312192414565,0.0
prior_2mg_6h,0.7666666666666667,285.09387352877206,285.09387352877206,0.0
prior_2mg_6h,1,293.17385489193504,293.17385489193504,0.0
prior_2mg_6h,1.5,265.4630470217058,265.4630470217058,0.0
prior_2mg_6h,2,214.20799002210347,214.20799002210347,0.0
prior_2mg_6h,3,118.02711095804669,118.02711095804669,0.0
prior_2mg_6h,4,57.94863827284871,57.94863827284871,0.0
prior_2mg_6h,6,11.943585041825227,11.943585041825227,0.0
prior_2mg_6h,8,2.344211458799815,2.344211458799815,0.0
prior_2mg_6h,12,0.26107774388986166,0.26107774388986166,0.0
prior_2mg_6h,24,0.11531407582862864,0.11531407582862864,0.0
prior_oral_2mg_24h,0.25,179.5600179315079,179.56001793143622,7.167955118347891e-11
prior_oral_2mg_24h,0.5,264.2336290781386,264.233629078164,2.5352164811920375e-11
prior_oral_2mg_24h,0.75,303.8517598549952,303.85175985497324,2.1941559680271894e-11
prior_oral_2mg_24h,0.7666666666666667,305.30809342104476,305.30809342104624,1.4779288903810084e-12
prior_oral_2mg_24h,1,314.1895801461069,314.1895801461246,1.77351466845721e-11
prior_oral_2mg_24h,1.5,287.5940386718139,287.5940386718348,2.091837814077735e-11
prior_oral_2mg_24h,2,236.8662506423716,236.8662506423648,6.792788553866558e-12
prior_oral_2mg_24h,3,140.7229582759901,140.72295827599177,1.6768808563938364e-12
prior_oral_2mg_24h,4,80.02181651104183,80.02181651104218,3.410605131648481e-13
prior_oral_2mg_24h,6,32.201892723671335,32.20189272367136,2.1316282072803006e-14
prior_oral_2mg_24h,8,20.736834168222515,20.73683416822255,3.552713678800501e-14
prior_oral_2mg_24h,12,15.357254173304288,15.357254173304291,3.552713678800501e-15
prior_oral_2mg_24h,24,8.449425186758441,8.44942518675844,1.7763568394002505e-15
yaish_regular_q6h_0.5mg,0.25,40.628264406836635,40.628264406836635,0.0
yaish_regular_q6h_0.5mg,0.5,61.42697152594917,61.42697152594917,0.0
yaish_regular_q6h_0.5mg,0.75,71.04429880610154,71.04429880610154,0.0
yaish_regular_q6h_0.5mg,0.7666666666666667,71.39178942586831,71.39178942586831,0.0
yaish_regular_q6h_0.5mg,1,73.40919264288475,73.40919264288475,0.0
yaish_regular_q6h_0.5mg,1.5,66.47680021245013,66.47680021245013,0.0
yaish_regular_q6h_0.5mg,2,53.65917629811456,53.65917629811456,0.0
yaish_regular_q6h_0.5mg,3,29.607685152820828,29.607685152820828,0.0
yaish_regular_q6h_0.5mg,4,14.582821053972461,14.582821053972461,0.0
yaish_regular_q6h_0.5mg,6,3.0724361206506963,3.0724361206506963,0.0
yaish_regular_q6h_0.5mg,8,0.6644811233546221,0.6644811233546221,0.0
yaish_regular_q6h_0.5mg,12,0.12966836857089034,0.12966836857089034,0.0
yaish_regular_q6h_0.5mg,24,0.06439893259842468,0.06439893259842468,0.0
