synthetic_case,model,time_h,concentration_pg_ml,data_type
single_2mg,HRT_current,0.25,152.4375856634936,synthetic_model_sample_not_human_data
single_2mg,HRT_current,0.5,237.44185229375506,synthetic_model_sample_not_human_data
single_2mg,HRT_current,0.75,277.386794540898,synthetic_model_sample_not_human_data
single_2mg,HRT_current,0.7666666666666667,278.86477960569175,synthetic_model_sample_not_human_data
single_2mg,HRT_current,1,288.04761285235287,synthetic_model_sample_not_human_data
single_2mg,HRT_current,1.5,262.08675359455987,synthetic_model_sample_not_human_data
single_2mg,HRT_current,2,211.97878069905985,synthetic_model_sample_not_human_data
single_2mg,HRT_current,3,117.03160281033858,synthetic_model_sample_not_human_data
single_2mg,HRT_current,4,57.47042051313935,synthetic_model_sample_not_human_data
single_2mg,HRT_current,6,11.771071008319495,synthetic_model_sample_not_human_data
single_2mg,HRT_current,8,2.2292093230707417,synthetic_model_sample_not_human_data
single_2mg,HRT_current,12,0.1725140335064066,synthetic_model_sample_not_human_data
single_2mg,HRT_current,24,0.06611683296954515,synthetic_model_sample_not_human_data
single_2mg,Featherline_population,0.25,496.1354792196781,synthetic_model_sample_not_human_data
single_2mg,Featherline_population,0.5,771.1089078107822,synthetic_model_sample_not_human_data
single_2mg,Featherline_population,0.75,908.5592139508086,synthetic_model_sample_not_human_data
single_2mg,Featherline_population,0.7666666666666667,914.2623521590752,synthetic_model_sample_not_human_data
single_2mg,Featherline_population,1,961.5174723016261,synthetic_model_sample_not_human_data
single_2mg,Featherline_population,1.5,935.7165576124505,synthetic_model_sample_not_human_data
single_2mg,Featherline_population,2,838.6446588760268,synthetic_model_sample_not_human_data
single_2mg,Featherline_population,3,619.9192665095352,synthetic_model_sample_not_human_data
single_2mg,Featherline_population,4,443.81471239160953,synthetic_model_sample_not_human_data
single_2mg,Featherline_population,6,224.67784763996747,synthetic_model_sample_not_human_data
single_2mg,Featherline_population,8,114.0817217733298,synthetic_model_sample_not_human_data
single_2mg,Featherline_population,12,29.840758096249893,synthetic_model_sample_not_human_data
single_2mg,Featherline_population,24,0.5798520810185371,synthetic_model_sample_not_human_data
single_1mg,HRT_current,0.25,76.2187928317468,synthetic_model_sample_not_human_data
single_1mg,HRT_current,0.5,118.72092614687753,synthetic_model_sample_not_human_data
single_1mg,HRT_current,0.75,138.693397270449,synthetic_model_sample_not_human_data
single_1mg,HRT_current,0.7666666666666667,139.43238980284588,synthetic_model_sample_not_human_data
single_1mg,HRT_current,1,144.02380642617644,synthetic_model_sample_not_human_data
single_1mg,HRT_current,1.5,131.04337679727993,synthetic_model_sample_not_human_data
single_1mg,HRT_current,2,105.98939034952993,synthetic_model_sample_not_human_data
single_1mg,HRT_current,3,58.51580140516929,synthetic_model_sample_not_human_data
single_1mg,HRT_current,4,28.735210256569676,synthetic_model_sample_not_human_data
single_1mg,HRT_current,6,5.885535504159748,synthetic_model_sample_not_human_data
single_1mg,HRT_current,8,1.1146046615353709,synthetic_model_sample_not_human_data
single_1mg,HRT_current,12,0.0862570167532033,synthetic_model_sample_not_human_data
single_1mg,HRT_current,24,0.033058416484772576,synthetic_model_sample_not_human_data
single_1mg,Featherline_population,0.25,248.06773960983904,synthetic_model_sample_not_human_data
single_1mg,Featherline_population,0.5,385.5544539053911,synthetic_model_sample_not_human_data
single_1mg,Featherline_population,0.75,454.2796069754043,synthetic_model_sample_not_human_data
single_1mg,Featherline_population,0.7666666666666667,457.1311760795376,synthetic_model_sample_not_human_data
single_1mg,Featherline_population,1,480.75873615081304,synthetic_model_sample_not_human_data
single_1mg,Featherline_population,1.5,467.85827880622526,synthetic_model_sample_not_human_data
single_1mg,Featherline_population,2,419.3223294380134,synthetic_model_sample_not_human_data
single_1mg,Featherline_population,3,309.9596332547676,synthetic_model_sample_not_human_data
single_1mg,Featherline_population,4,221.90735619580477,synthetic_model_sample_not_human_data
single_1mg,Featherline_population,6,112.33892381998373,synthetic_model_sample_not_human_data
single_1mg,Featherline_population,8,57.0408608866649,synthetic_model_sample_not_human_data
single_1mg,Featherline_population,12,14.920379048124946,synthetic_model_sample_not_human_data
single_1mg,Featherline_population,24,0.28992604050926857,synthetic_model_sample_not_human_data
single_4mg,HRT_current,0.25,304.8751713269872,synthetic_model_sample_not_human_data
single_4mg,HRT_current,0.5,474.8837045875101,synthetic_model_sample_not_human_data
single_4mg,HRT_current,0.75,554.773589081796,synthetic_model_sample_not_human_data
single_4mg,HRT_current,0.7666666666666667,557.7295592113835,synthetic_model_sample_not_human_data
single_4mg,HRT_current,1,576.0952257047057,synthetic_model_sample_not_human_data
single_4mg,HRT_current,1.5,524.1735071891197,synthetic_model_sample_not_human_data
single_4mg,HRT_current,2,423.9575613981197,synthetic_model_sample_not_human_data
single_4mg,HRT_current,3,234.06320562067717,synthetic_model_sample_not_human_data
single_4mg,HRT_current,4,114.9408410262787,synthetic_model_sample_not_human_data
single_4mg,HRT_current,6,23.54214201663899,synthetic_model_sample_not_human_data
single_4mg,HRT_current,8,4.458418646141483,synthetic_model_sample_not_human_data
single_4mg,HRT_current,12,0.3450280670128132,synthetic_model_sample_not_human_data
single_4mg,HRT_current,24,0.1322336659390903,synthetic_model_sample_not_human_data
single_4mg,Featherline_population,0.25,992.2709584393561,synthetic_model_sample_not_human_data
single_4mg,Featherline_population,0.5,1542.2178156215643,synthetic_model_sample_not_human_data
single_4mg,Featherline_population,0.75,1817.1184279016172,synthetic_model_sample_not_human_data
single_4mg,Featherline_population,0.7666666666666667,1828.5247043181505,synthetic_model_sample_not_human_data
single_4mg,Featherline_population,1,1923.0349446032521,synthetic_model_sample_not_human_data
single_4mg,Featherline_population,1.5,1871.433115224901,synthetic_model_sample_not_human_data
single_4mg,Featherline_population,2,1677.2893177520536,synthetic_model_sample_not_human_data
single_4mg,Featherline_population,3,1239.8385330190704,synthetic_model_sample_not_human_data
single_4mg,Featherline_population,4,887.6294247832191,synthetic_model_sample_not_human_data
single_4mg,Featherline_population,6,449.35569527993493,synthetic_model_sample_not_human_data
single_4mg,Featherline_population,8,228.1634435466596,synthetic_model_sample_not_human_data
single_4mg,Featherline_population,12,59.681516192499785,synthetic_model_sample_not_human_data
single_4mg,Featherline_population,24,1.1597041620370743,synthetic_model_sample_not_human_data
daily_2mg,HRT_current,0.25,152.53157530563362,synthetic_model_sample_not_human_data
daily_2mg,HRT_current,0.5,237.53469282146855,synthetic_model_sample_not_human_data
daily_2mg,HRT_current,0.75,277.4784995752212,synthetic_model_sample_not_human_data
daily_2mg,HRT_current,0.7666666666666667,278.9564094215194,synthetic_model_sample_not_human_data
daily_2mg,HRT_current,1,288.13819588198584,synthetic_model_sample_not_human_data
daily_2mg,HRT_current,1.5,262.1751325500145,synthetic_model_sample_not_human_data
daily_2mg,HRT_current,2,212.0650079395659,synthetic_model_sample_not_human_data
daily_2mg,HRT_current,3,117.11367942510417,synthetic_model_sample_not_human_data
daily_2mg,HRT_current,4,57.54854312340693,synthetic_model_sample_not_human_data
daily_2mg,HRT_current,6,11.84184171792371,synthetic_model_sample_not_human_data
daily_2mg,HRT_current,8,2.2933151261557176,synthetic_model_sample_not_human_data
daily_2mg,HRT_current,12,0.2251077861180893,synthetic_model_sample_not_human_data
daily_2mg,HRT_current,24,0.09515250966977161,synthetic_model_sample_not_human_data
daily_2mg,Featherline_population,0.25,496.67033570479856,synthetic_model_sample_not_human_data
daily_2mg,Featherline_population,0.5,771.6020559882494,synthetic_model_sample_not_human_data
daily_2mg,Featherline_population,0.75,909.0139176540839,synthetic_model_sample_not_human_data
daily_2mg,Featherline_population,0.7666666666666667,914.7146025425678,synthetic_model_sample_not_human_data
daily_2mg,Featherline_population,1,961.9367388614231,synthetic_model_sample_not_human_data
daily_2mg,Featherline_population,1.5,936.0730455719182,synthetic_model_sample_not_human_data
daily_2mg,Featherline_population,2,838.9477963944056,synthetic_model_sample_not_human_data
daily_2mg,Featherline_population,3,620.1385184920941,synthetic_model_sample_not_human_data
daily_2mg,Featherline_population,4,443.97334394534903,synthetic_model_sample_not_human_data
daily_2mg,Featherline_population,6,224.76095968613973,synthetic_model_sample_not_human_data
daily_2mg,Featherline_population,8,114.12531130053313,synthetic_model_sample_not_human_data
daily_2mg,Featherline_population,12,29.85277752443652,synthetic_model_sample_not_human_data
daily_2mg,Featherline_population,24,0.5801071433132973,synthetic_model_sample_not_human_data
twice_daily_2mg,HRT_current,0.25,152.7431178488997,synthetic_model_sample_not_human_data
twice_daily_2mg,HRT_current,0.5,237.73507704744566,synthetic_model_sample_not_human_data
twice_daily_2mg,HRT_current,0.75,277.6696470161948,synthetic_model_sample_not_human_data
twice_daily_2mg,HRT_current,0.7666666666666667,279.1469994119167,synthetic_model_sample_not_human_data
twice_daily_2mg,HRT_current,1,288.3216401612442,synthetic_model_sample_not_human_data
twice_daily_2mg,HRT_current,1.5,262.34659487965337,synthetic_model_sample_not_human_data
twice_daily_2mg,HRT_current,2,212.2276465793827,synthetic_model_sample_not_human_data
twice_daily_2mg,HRT_current,3,117.2639921695699,synthetic_model_sample_not_human_data
twice_daily_2mg,HRT_current,4,57.69003400579321,synthetic_model_sample_not_human_data
twice_daily_2mg,HRT_current,6,11.969484186815203,synthetic_model_sample_not_human_data
twice_daily_2mg,HRT_current,8,2.4090586130956915,synthetic_model_sample_not_human_data
twice_daily_2mg,HRT_current,12,0.3202602957878609,synthetic_model_sample_not_human_data
twice_daily_2mg,HRT_current,24,0.14774626228145435,synthetic_model_sample_not_human_data
twice_daily_2mg,Featherline_population,0.25,524.1388846265795,synthetic_model_sample_not_human_data
twice_daily_2mg,Featherline_population,0.5,796.8783587036689,synthetic_model_sample_not_human_data
twice_daily_2mg,Featherline_population,0.75,932.2743512160238,synthetic_model_sample_not_human_data
twice_daily_2mg,Featherline_population,0.7666666666666667,937.8465582375736,synthetic_model_sample_not_human_data
twice_daily_2mg,Featherline_population,1,983.3433570927182,synthetic_model_sample_not_human_data
twice_daily_2mg,Featherline_population,1.5,954.2066816896562,synthetic_model_sample_not_human_data
twice_daily_2mg,Featherline_population,2,854.3123770785465,synthetic_model_sample_not_human_data
twice_daily_2mg,Featherline_population,3,631.1761599678705,synthetic_model_sample_not_human_data
twice_daily_2mg,Featherline_population,4,451.9091206345501,synthetic_model_sample_not_human_data
twice_daily_2mg,Featherline_population,6,228.87238888521648,synthetic_model_sample_not_human_data
twice_daily_2mg,Featherline_population,8,116.26106511822776,synthetic_model_sample_not_human_data
twice_daily_2mg,Featherline_population,12,30.432884667749818,synthetic_model_sample_not_human_data
twice_daily_2mg,Featherline_population,24,0.5921265714999244,synthetic_model_sample_not_human_data
daily_4mg,HRT_current,0.25,305.06315061126725,synthetic_model_sample_not_human_data
daily_4mg,HRT_current,0.5,475.0693856429371,synthetic_model_sample_not_human_data
daily_4mg,HRT_current,0.75,554.9569991504424,synthetic_model_sample_not_human_data
daily_4mg,HRT_current,0.7666666666666667,557.9128188430388,synthetic_model_sample_not_human_data
daily_4mg,HRT_current,1,576.2763917639717,synthetic_model_sample_not_human_data
daily_4mg,HRT_current,1.5,524.350265100029,synthetic_model_sample_not_human_data
daily_4mg,HRT_current,2,424.1300158791318,synthetic_model_sample_not_human_data
daily_4mg,HRT_current,3,234.22735885020833,synthetic_model_sample_not_human_data
daily_4mg,HRT_current,4,115.09708624681386,synthetic_model_sample_not_human_data
daily_4mg,HRT_current,6,23.68368343584742,synthetic_model_sample_not_human_data
daily_4mg,HRT_current,8,4.586630252311435,synthetic_model_sample_not_human_data
daily_4mg,HRT_current,12,0.4502155722361786,synthetic_model_sample_not_human_data
daily_4mg,HRT_current,24,0.19030501933954322,synthetic_model_sample_not_human_data
daily_4mg,Featherline_population,0.25,993.3406714095971,synthetic_model_sample_not_human_data
daily_4mg,Featherline_population,0.5,1543.2041119764988,synthetic_model_sample_not_human_data
daily_4mg,Featherline_population,0.75,1818.0278353081678,synthetic_model_sample_not_human_data
daily_4mg,Featherline_population,0.7666666666666667,1829.4292050851357,synthetic_model_sample_not_human_data
daily_4mg,Featherline_population,1,1923.8734777228462,synthetic_model_sample_not_human_data
daily_4mg,Featherline_population,1.5,1872.1460911438364,synthetic_model_sample_not_human_data
daily_4mg,Featherline_population,2,1677.8955927888112,synthetic_model_sample_not_human_data
daily_4mg,Featherline_population,3,1240.2770369841883,synthetic_model_sample_not_human_data
daily_4mg,Featherline_population,4,887.9466878906981,synthetic_model_sample_not_human_data
daily_4mg,Featherline_population,6,449.52191937227946,synthetic_model_sample_not_human_data
daily_4mg,Featherline_population,8,228.25062260106625,synthetic_model_sample_not_human_data
daily_4mg,Featherline_population,12,59.70555504887304,synthetic_model_sample_not_human_data
daily_4mg,Featherline_population,24,1.1602142866265945,synthetic_model_sample_not_human_data
prior_2mg_6h,HRT_current,0.25,162.0115440245842,synthetic_model_sample_not_human_data
prior_2mg_6h,HRT_current,0.5,245.2210767148328,synthetic_model_sample_not_human_data
prior_2mg_6h,HRT_current,0.75,283.7031219242234,synthetic_model_sample_not_human_data
prior_2mg_6h,HRT_current,0.7666666666666667,285.09387352888575,synthetic_model_sample_not_human_data
prior_2mg_6h,HRT_current,1,293.1738548919624,synthetic_model_sample_not_human_data
prior_2mg_6h,HRT_current,1.5,265.4630470217285,synthetic_model_sample_not_human_data
prior_2mg_6h,HRT_current,2,214.2079900221306,synthetic_model_sample_not_human_data
prior_2mg_6h,HRT_current,3,118.02711095805378,synthetic_model_sample_not_human_data
prior_2mg_6h,HRT_current,4,57.94863827285013,synthetic_model_sample_not_human_data
prior_2mg_6h,HRT_current,6,11.943585041825902,synthetic_model_sample_not_human_data
prior_2mg_6h,HRT_current,8,2.3442114587999434,synthetic_model_sample_not_human_data
prior_2mg_6h,HRT_current,12,0.26107774388986643,synthetic_model_sample_not_human_data
prior_2mg_6h,HRT_current,24,0.11531407582863032,synthetic_model_sample_not_human_data
prior_2mg_6h,Featherline_population,0.25,702.5075228783126,synthetic_model_sample_not_human_data
prior_2mg_6h,Featherline_population,0.5,960.6803321265353,synthetic_model_sample_not_human_data
prior_2mg_6h,Featherline_population,0.75,1082.7109503762888,synthetic_model_sample_not_human_data
prior_2mg_6h,Featherline_population,0.7666666666666667,1087.4323563485384,synthetic_model_sample_not_human_data
prior_2mg_6h,Featherline_population,1,1121.5162222835997,synthetic_model_sample_not_human_data
prior_2mg_6h,Featherline_population,1.5,1070.7985178849162,synthetic_model_sample_not_human_data
prior_2mg_6h,Featherline_population,2,952.7263806493567,synthetic_model_sample_not_human_data
prior_2mg_6h,Featherline_population,3,701.3634479379444,synthetic_model_sample_not_human_data
prior_2mg_6h,Featherline_population,4,502.0284929633001,synthetic_model_sample_not_human_data
prior_2mg_6h,Featherline_population,6,254.51860573621735,synthetic_model_sample_not_human_data
prior_2mg_6h,Featherline_population,8,129.43998476631668,synthetic_model_sample_not_human_data
prior_2mg_6h,Featherline_population,12,33.950439292399935,synthetic_model_sample_not_human_data
prior_2mg_6h,Featherline_population,24,0.66292683641149,synthetic_model_sample_not_human_data
prior_oral_2mg_24h,HRT_current,0.25,179.56001793152743,synthetic_model_sample_not_human_data
prior_oral_2mg_24h,HRT_current,0.5,264.23362907827965,synthetic_model_sample_not_human_data
prior_oral_2mg_24h,HRT_current,0.75,303.8517598550921,synthetic_model_sample_not_human_data
prior_oral_2mg_24h,HRT_current,0.7666666666666667,305.30809342118687,synthetic_model_sample_not_human_data
prior_oral_2mg_24h,HRT_current,1,314.189580146151,synthetic_model_sample_not_human_data
prior_oral_2mg_24h,HRT_current,1.5,287.5940386718808,synthetic_model_sample_not_human_data
prior_oral_2mg_24h,HRT_current,2,236.8662506423877,synthetic_model_sample_not_human_data
prior_oral_2mg_24h,HRT_current,3,140.72295827600368,synthetic_model_sample_not_human_data
prior_oral_2mg_24h,HRT_current,4,80.02181651104335,synthetic_model_sample_not_human_data
prior_oral_2mg_24h,HRT_current,6,32.20189272367136,synthetic_model_sample_not_human_data
prior_oral_2mg_24h,HRT_current,8,20.736834168222572,synthetic_model_sample_not_human_data
prior_oral_2mg_24h,HRT_current,12,15.35725417330429,synthetic_model_sample_not_human_data
prior_oral_2mg_24h,HRT_current,24,8.44942518675844,synthetic_model_sample_not_human_data
prior_oral_2mg_24h,Featherline_population,0.25,496.639972078068,synthetic_model_sample_not_human_data
prior_oral_2mg_24h,Featherline_population,0.5,771.5759302402845,synthetic_model_sample_not_human_data
prior_oral_2mg_24h,Featherline_population,0.75,908.9915185273427,synthetic_model_sample_not_human_data
prior_oral_2mg_24h,Featherline_population,0.7666666666666667,914.6924351212436,synthetic_model_sample_not_human_data
prior_oral_2mg_24h,Featherline_population,1,961.9176124710289,synthetic_model_sample_not_human_data
prior_oral_2mg_24h,Featherline_population,1.5,936.05930228127,synthetic_model_sample_not_human_data
prior_oral_2mg_24h,Featherline_population,2,838.9381666759496,synthetic_model_sample_not_human_data
prior_oral_2mg_24h,Featherline_population,3,620.134352295727,synthetic_model_sample_not_human_data
prior_oral_2mg_24h,Featherline_population,4,443.9721944165035,synthetic_model_sample_not_human_data
prior_oral_2mg_24h,Featherline_population,6,224.76208362933784,synthetic_model_sample_not_human_data
prior_oral_2mg_24h,Featherline_population,8,114.12666592972563,synthetic_model_sample_not_human_data
prior_oral_2mg_24h,Featherline_population,12,29.853478931237667,synthetic_model_sample_not_human_data
prior_oral_2mg_24h,Featherline_population,24,0.5801328574655029,synthetic_model_sample_not_human_data
yaish_regular_q6h_0.5mg,HRT_current,0.25,40.628264406851486,synthetic_model_sample_not_human_data
yaish_regular_q6h_0.5mg,HRT_current,0.5,61.42697152598294,synthetic_model_sample_not_human_data
yaish_regular_q6h_0.5mg,HRT_current,0.75,71.04429880613039,synthetic_model_sample_not_human_data
yaish_regular_q6h_0.5mg,HRT_current,0.7666666666666667,71.39178942589565,synthetic_model_sample_not_human_data
yaish_regular_q6h_0.5mg,HRT_current,1,73.40919264290486,synthetic_model_sample_not_human_data
yaish_regular_q6h_0.5mg,HRT_current,1.5,66.47680021245459,synthetic_model_sample_not_human_data
yaish_regular_q6h_0.5mg,HRT_current,2,53.659176298119604,synthetic_model_sample_not_human_data
yaish_regular_q6h_0.5mg,HRT_current,3,29.607685152823066,synthetic_model_sample_not_human_data
yaish_regular_q6h_0.5mg,HRT_current,4,14.582821053972378,synthetic_model_sample_not_human_data
yaish_regular_q6h_0.5mg,HRT_current,6,3.072436120650766,synthetic_model_sample_not_human_data
yaish_regular_q6h_0.5mg,HRT_current,8,0.6644811233546384,synthetic_model_sample_not_human_data
yaish_regular_q6h_0.5mg,HRT_current,12,0.12966836857089226,synthetic_model_sample_not_human_data
yaish_regular_q6h_0.5mg,HRT_current,24,0.06439893259842563,synthetic_model_sample_not_human_data
yaish_regular_q6h_0.5mg,Featherline_population,0.25,183.59382884377357,synthetic_model_sample_not_human_data
yaish_regular_q6h_0.5mg,Featherline_population,0.5,247.50253647662566,synthetic_model_sample_not_human_data
yaish_regular_q6h_0.5mg,Featherline_population,0.75,277.4266186468057,synthetic_model_sample_not_human_data
yaish_regular_q6h_0.5mg,Featherline_population,0.7666666666666667,278.56977288949867,synthetic_model_sample_not_human_data
yaish_regular_q6h_0.5mg,Featherline_population,1,286.59116294559254,synthetic_model_sample_not_human_data
yaish_regular_q6h_0.5mg,Featherline_population,1.5,272.9637501510909,synthetic_model_sample_not_human_data
yaish_regular_q6h_0.5mg,Featherline_population,2,242.64336054919357,synthetic_model_sample_not_human_data
yaish_regular_q6h_0.5mg,Featherline_population,3,178.5481499390061,synthetic_model_sample_not_human_data
yaish_regular_q6h_0.5mg,Featherline_population,4,127.814444900881,synthetic_model_sample_not_human_data
yaish_regular_q6h_0.5mg,Featherline_population,6,64.82631838824157,synthetic_model_sample_not_human_data
yaish_regular_q6h_0.5mg,Featherline_population,8,32.98219583018687,synthetic_model_sample_not_human_data
yaish_regular_q6h_0.5mg,Featherline_population,12,8.656856478249711,synthetic_model_sample_not_human_data
yaish_regular_q6h_0.5mg,Featherline_population,24,0.1692466551497277,synthetic_model_sample_not_human_data
