rosano_baseline_cap_pmol_l,assumed_price_baseline_pg_ml,price_1h_anchor_re_digitized_pg_ml,m1_rmse_conditional_pg_ml,m2_rmse_conditional_pg_ml,center_delta_mse_m2_minus_m1,interval_delta_mse_min,interval_delta_mse_max,interval_rank_result,interval_min_anchor_at_pg_ml,interval_max_anchor_at_pg_ml
100,0,451.72414,43.16207279349165,53.60959596809268,1011.0242520314662,155.62406576863987,1790.0948197275634,M1_all_reading_corners,471.72414,431.72414
100,6,451.72414,37.99491976924466,48.64480805266089,922.7034222088835,75.39221644425726,1693.6850094067822,M1_all_reading_corners,471.72414,431.72414
100,12,451.72414,32.9671694835673,43.85468200222911,836.398869758387,-2.8233555080416863,1599.2914764580871,undetermined_by_intervals,471.72414,431.72414
100,18,451.72414,28.153606061948953,39.30313128710467,752.1105946799772,-79.0226500882514,1506.9142208814808,undetermined_by_intervals,471.72414,431.72414
100,24,451.72414,23.68517975170999,35.08313464963567,669.838596973654,-153.20566729637838,1416.5532426769582,undetermined_by_intervals,471.72414,431.72414
225,0,451.72414,62.839149206045136,53.60952199556453,-1074.777824346686,-1349.866798413332,-818.9800734276977,M2_all_reading_corners,471.72414,431.72414
225,6,451.72414,57.91859074709753,48.64473264820341,-988.2531397145854,-1257.2065592370463,-738.5909433397817,M2_all_reading_corners,471.72414,431.72414
225,12,451.72414,53.16859935331488,43.854604997281726,-903.6735777257081,-1166.491442703988,-660.1469358950872,M2_all_reading_corners,471.72414,431.72414
225,18,451.72414,48.63917230103972,39.30305260091357,-821.0391383800511,-1077.7214488141472,-578.126953675629,M2_all_reading_corners,471.72414,471.72414
225,24,451.72414,44.39786626562719,35.0830544175233,-740.3498216776154,-990.8965775675285,-497.9086671499165,M2_all_reading_corners,471.72414,471.72414
