schedule,fit_id,loss,Price_hypothetical_baseline_pgml,n_fast,q24_index,feasible,background_required,effective_gain_pgml_per_mg,shape_pre,shape_post,shape_delta,necessary_ratio_shape
equal_q6h,14,0.10488143428800407,18.0,8,0.0029782601709176185,False,-200.59444156667996,1564.6799984250042,0.14105106328662775,0.7641425003728428,0.6230914370862151,0.22637297656701869
equal_q6h,15,0.10790303926913107,18.0,10,0.0023783560099443616,False,-214.39781971839807,1640.172099623759,0.13914393821662904,0.7335563837291059,0.5944124455124769,0.2340865156291691
equal_q6h,17,0.10694639357877543,24.0,6,0.001336005570286411,False,-61.39049781790226,1394.9728050409187,0.1038443057408566,0.8027387252418121,0.6988944195009555,0.1485836813735134
equal_q6h,18,0.04581601665129708,24.0,8,0.0008611683541270363,False,-79.91142609763602,1541.8525982977974,0.1004962355912255,0.7328126514892322,0.6323164158980068,0.15893345968015424
equal_q6h,19,0.03392468836151121,24.0,10,0.0006641542730855463,False,-89.39595865915032,1609.2528626170406,0.09949813376325677,0.7053312700257598,0.605833136262503,0.16423356169832373
equal_q6h,22,0.13181079087552597,0.0,8,0.06299386364896951,False,-935.8195560724894,1432.0213292387234,0.4338331127656228,1.1146460929165396,0.6808129801509168,0.6372280279812738
equal_q6h,26,0.12573813789398403,6.0,8,0.039234991475028826,False,-649.2874866957744,1444.2934433734674,0.3220623495009228,0.9970904840339627,0.67502813453304,0.47710952036645676
equal_q6h,29,0.13170587883887563,12.0,6,0.021277612954031834,False,-371.14406965858154,1348.1322938155274,0.23263075699810787,0.9558080840832632,0.7231773270851554,0.32167872012214677
equal_q6h,30,0.11115974928618345,12.0,8,0.019605843741902034,False,-405.3814481382667,1465.2620254708365,0.2267648513783718,0.8921330188809813,0.6653681675026095,0.340811091443569
equal_q6h,33,0.10693469492438505,18.0,6,0.007496846139665972,False,-187.79287022723128,1366.680224100706,0.1563828472437188,0.8697455575589392,0.7133627103152205,0.2192192624907691
equal_q6h,34,0.07517298188608514,18.0,8,0.005448807572469503,False,-209.25549865481753,1506.86577716875,0.1495942221818821,0.7965919333054998,0.6469977111236177,0.23121290788198798
equal_q6h,35,0.09283110714197557,18.0,10,0.003734441277694798,False,-218.36667123678546,1590.9772681045745,0.14480551205921205,0.7575978682694268,0.6127923562102147,0.23630437062687087
equal_q6h,37,0.09666113750122174,24.0,6,0.0018413720872012796,False,-62.51217189593865,1376.9021946402004,0.10565099180493151,0.8137177757738936,0.708066783968962,0.14921049002287712
equal_q6h,38,0.04090347614412098,24.0,8,0.0010806716708431246,False,-80.0642085649551,1524.5059312250794,0.10169433670916965,0.7412055966064929,0.6395112598973233,0.15901883686222693
equal_q6h,39,0.03348696307362355,24.0,10,0.0007080944535687233,False,-89.36239312000896,1603.6295540571757,0.0998356318105866,0.7077931905448354,0.6079575587342487,0.16421480476111144
night_9h,14,0.10488143428800407,18.0,8,0.0029782601709176185,False,-36.95411513301744,1529.6168913446681,0.08599982190685632,0.7233742614252611,0.6373744395184048,0.13492825657056018
night_9h,15,0.10790303926913107,18.0,10,0.0023783560099443616,False,-34.02451861427451,1597.7393604505853,0.08133410742176521,0.6915329501940592,0.6101988427722941,0.13329115317925372
night_9h,17,0.10694639357877543,24.0,6,0.001336005570286411,True,61.02754394039525,1367.7941157535374,0.05714699690647657,0.769928765426942,0.7127817685204654,0.08017460523029044
night_9h,18,0.04581601665129708,24.0,8,0.0008611683541270363,True,63.506325362991646,1504.0724766613198,0.0510712486967378,0.6992705369137676,0.6481992882170298,0.07878942421738382
night_9h,19,0.03392468836151121,24.0,10,0.0006641542730855463,True,66.11580611309554,1564.7828187251432,0.04818124639013218,0.671231740766721,0.6230504943765888,0.0773312064190581
night_9h,22,0.13181079087552597,0.0,8,0.06299386364896951,False,-800.8110329487912,1413.8805094606912,0.38737657255170577,1.0769247361165122,0.6895481635648064,0.5617831980714116
night_9h,26,0.12573813789398403,6.0,8,0.039234991475028826,False,-520.7584907653638,1425.6838335520688,0.27715020749340424,0.9609895594271692,0.683839351933765,0.4052855494637406
night_9h,29,0.13170587883887563,12.0,6,0.021277612954031834,False,-258.3956643449938,1332.475513643184,0.18926464185405084,0.9209394072184565,0.7316747653644056,0.2586731848812483
night_9h,30,0.11115974928618345,12.0,8,0.019605843741902034,False,-278.2181716393595,1445.2750367417273,0.18196537532835297,0.8565350482375484,0.6745696729091955,0.269750305470444
night_9h,33,0.10693469492438505,18.0,6,0.007496846139665972,False,-71.67426194835929,1347.6521903911273,0.11164801129767936,0.835082971556778,0.7234349602590987,0.15433040622987387
night_9h,34,0.07517298188608514,18.0,8,0.005448807572469503,False,-70.2064295322964,1480.3854950899945,0.10109731330137255,0.7596681463933468,0.6585708330919743,0.15351015900100387
night_9h,35,0.09283110714197557,18.0,10,0.003734441277694798,False,-57.10222621180611,1556.6770871846961,0.09155635904052684,0.7178511229481158,0.626294763907589,0.14618732953998664
night_9h,37,0.09666113750122174,24.0,6,0.0018413720872012796,True,51.96210461783315,1352.6642851419742,0.06143747207701076,0.7821918525302243,0.7207543804532135,0.08524051152957074
night_9h,38,0.04090347614412098,24.0,8,0.0010806716708431246,True,57.531086265516194,1489.621606730832,0.05375206241459498,0.7082395539986638,0.6544874915840688,0.08212847931516279
night_9h,39,0.03348696307362355,24.0,10,0.0007080944535687233,True,64.51208730092,1560.1204570981806,0.04888526993085172,0.6737977274035751,0.6249124574727234,0.07822738904670579
night_10h,14,0.10488143428800407,18.0,8,0.0029782601709176185,True,5.274935904266272,1520.802722853901,0.0713701656836473,0.7124386580974079,0.6410684924137606,0.1113300162591415
night_10h,15,0.10790303926913107,18.0,10,0.0023783560099443616,True,10.60350906127826,1587.447001749759,0.06654513733674326,0.6807002604520782,0.6141551231153349,0.10835232799034464
night_10h,17,0.10694639357877543,24.0,6,0.001336005570286411,True,89.78974882836162,1361.629160222312,0.04589749659690901,0.7619064785428561,0.7160089819459471,0.06410184474525754
night_10h,18,0.04581601665129708,24.0,8,0.0008611683541270363,True,94.78738116901705,1496.0346413577954,0.03995402554846809,0.6916359330702363,0.6516819075217682,0.061309091271854126
night_10h,19,0.03392468836151121,24.0,10,0.0006641542730855463,True,98.56062237836056,1555.687106740048,0.03710058657009585,0.6637939007813852,0.6266933142112894,0.05920054630994101
night_10h,22,0.13181079087552597,0.0,8,0.06299386364896951,False,-755.7137802039819,1410.9343627033652,0.37077183370410455,1.0617598304318188,0.6909879967277142,0.5365821627292439
night_10h,26,0.12573813789398403,6.0,8,0.039234991475028826,False,-478.474298213835,1422.2787082482616,0.2616165794412532,0.9470931341732496,0.6854765547319963,0.3816564952298603
night_10h,29,0.13170587883887563,12.0,6,0.021277612954031834,False,-221.66288680927858,1328.9912077695965,0.17470250372381618,0.9082955501630781,0.7335930464392619,0.23814634635891513
night_10h,30,0.11115974928618345,12.0,8,0.019605843741902034,False,-237.8367280814606,1440.9206706770308,0.16724707873410988,0.8438552561576511,0.6766081774235413,0.2471845365082205
night_10h,33,0.10693469492438505,18.0,6,0.007496846139665972,False,-37.52209311397539,1342.9192932524356,0.09818625837973868,0.824170845612434,0.7259845872326953,0.1352456513629368
night_10h,34,0.07517298188608514,18.0,8,0.005448807572469503,False,-31.28609306457463,1473.7795169706062,0.08716282172094787,0.7486855919672772,0.6615227702463293,0.13176087905257033
night_10h,35,0.09283110714197557,18.0,10,0.003734441277694798,False,-14.422320215661244,1548.1352227966072,0.07704186043510121,0.7067922171497608,0.6297503567146596,0.12233714457427285
night_10h,37,0.09666113750122174,24.0,6,0.0018413720872012796,True,79.9845494634992,1347.146529691963,0.050356323955197145,0.774062830493592,0.7237065065383949,0.0695811402830404
night_10h,38,0.04090347614412098,24.0,8,0.0010806716708431246,True,88.4995684568288,1482.08319136789,0.04264151577925735,0.7004579693204867,0.6578164535412293,0.06482281729151786
night_10h,39,0.03348696307362355,24.0,10,0.0007080944535687233,True,96.91152249926768,1551.16635230432,0.03778792088689328,0.6663076843219251,0.6285197634350318,0.06012208857263611
night_12h,14,0.10488143428800407,18.0,8,0.0029782601709176185,True,54.94081812150043,1510.444544452047,0.05394533657187449,0.6994100855953992,0.6454647490235247,0.08357596081503188
night_12h,15,0.10790303926913107,18.0,10,0.0023783560099443616,True,62.948362479564366,1575.3823588333146,0.048952461107651994,0.6678109263761761,0.6188584652685242,0.07910122241991374
night_12h,17,0.10694639357877543,24.0,6,0.001336005570286411,True,123.53402898263252,1354.4052534525852,0.032568631490373624,0.752396545856052,0.7198279143656784,0.04524502431817127
night_12h,18,0.04581601665129708,24.0,8,0.0008611683541270363,True,131.1039677123705,1486.7120632164163,0.026896224981088093,0.6826645697199265,0.6557683447388384,0.04101482664857754
night_12h,19,0.03392468836151121,24.0,10,0.0006641542730855463,True,135.92620857808916,1545.220459054761,0.02417760753717529,0.6551158682142827,0.6309382606771075,0.038320084616882286
night_12h,22,0.13181079087552597,0.0,8,0.06299386364896951,False,-707.3017262778405,1407.9850841885536,0.3528157524801273,1.0452511481012157,0.6924353956210884,0.5095287657322384
night_12h,26,0.12573813789398403,6.0,8,0.039234991475028826,False,-432.1447291823795,1418.7355708006464,0.24447885418099108,0.931667311892316,0.687188457711325,0.35576682267805504
night_12h,29,0.13170587883887563,12.0,6,0.021277612954031834,False,-180.22269031883735,1325.1555312592047,0.15817089007410204,0.893887329239756,0.735716439165654,0.21498893004684957
night_12h,30,0.11115974928618345,12.0,8,0.019605843741902034,False,-192.20755765912355,1436.1357251759257,0.1504944900275917,0.8293570040001226,0.6788625139725308,0.2216862574233716
night_12h,33,0.10693469492438505,18.0,6,0.007496846139665972,True,2.323084915753583,1337.4447693968514,0.0823571520573212,0.8113133909294217,0.7289562388721005,0.1129795557889055
night_12h,34,0.07517298188608514,18.0,8,0.005448807572469503,True,14.354037103693457,1466.080289233762,0.07066021675637583,0.7356570221552386,0.6649968053988629,0.10625647549388463
night_12h,35,0.09283110714197557,18.0,10,0.003734441277694798,True,35.755601009325545,1538.1212391166482,0.05977015864134791,0.6936205236220729,0.633850364980725,0.09429695389252554
night_12h,37,0.09666113750122174,24.0,6,0.0018413720872012796,True,112.98790323379055,1340.6703521924974,0.037187939174861045,0.7643903474359993,0.7272024082611382,0.05113836086404552
night_12h,38,0.04090347614412098,24.0,8,0.0010806716708431246,True,124.64310669524092,1473.3021324535084,0.029530187494529077,0.6912673066658119,0.6617371191712829,0.04462525471067845
night_12h,39,0.03348696307362355,24.0,10,0.0007080944535687233,True,134.2961967490159,1540.8447880639064,0.02482260508257662,0.6575525960271655,0.6327299909445889,0.039230960184958974
night_14h,14,0.10488143428800407,18.0,8,0.0029782601709176185,True,98.37781276074779,1501.3876286675995,0.03850871001426163,0.6878671369675314,0.6493584269532698,0.05930270312335972
night_14h,15,0.10790303926913107,18.0,10,0.0023783560099443616,True,106.89610172201346,1565.2549868614162,0.03397251340571336,0.6568350610303652,0.6228625476246518,0.05454255282368625
night_14h,17,0.10694639357877543,24.0,6,0.001336005570286411,True,150.58323627836376,1348.6168367370653,0.021781152225133667,0.7446986497980729,0.7229174975729392,0.030129513116309712
night_14h,18,0.04581601665129708,24.0,8,0.0008611683541270363,True,158.1856437427204,1479.7623231399186,0.01705176260571318,0.6758999394737137,0.6588481768680006,0.02588117142066476
night_14h,19,0.03392468836151121,24.0,10,0.0006641542730855463,True,162.6223122726064,1537.744488609539,0.014836932679614907,0.6488425922806145,0.6340056596009995,0.023401893113938876
night_14h,22,0.13181079087552597,0.0,8,0.06299386364896951,False,-641.0102824056205,1404.2054371042532,0.32804532605137554,1.0223445240442328,0.6942991979928572,0.47248409187237805
night_14h,26,0.12573813789398403,6.0,8,0.039234991475028826,False,-371.72275674094385,1414.3090693505903,0.22196867555258581,0.9113078942046702,0.6893392186520844,0.3220020993243609
night_14h,29,0.13170587883887563,12.0,6,0.021277612954031834,False,-130.02900022745058,1320.5779468645787,0.13801152136008416,0.8762782106634073,0.7382666893033232,0.18693992748111238
night_14h,30,0.11115974928618345,12.0,8,0.019605843741902034,False,-137.79462130868376,1430.5355397095855,0.1303608051903554,0.811880894510622,0.6815200893202665,0.1912794754449197
night_14h,33,0.10693469492438505,18.0,6,0.007496846139665972,True,43.72980661630385,1331.7781927810036,0.06576869825685429,0.797826569517561,0.7320578712607068,0.08984084570198163
night_14h,34,0.07517298188608514,18.0,8,0.005448807572469503,True,58.98883784268526,1458.5716579783275,0.054351827364773946,0.7227719927133994,0.6684201653486255,0.08131386541341981
night_14h,35,0.09283110714197557,18.0,10,0.003734441277694798,True,81.41604734400597,1529.0192201997927,0.04385651327801969,0.6814800930988802,0.6376235798208606,0.06878119734897682
night_14h,37,0.09666113750122174,24.0,6,0.0018413720872012796,True,140.98771471998452,1335.1831875676478,0.025915673253903423,0.7561066447076215,0.730190971453718,0.03549163748533975
night_14h,38,0.04090347614412098,24.0,8,0.0010806716708431246,True,152.63875393609865,1466.505443490326,0.0192665910450052,0.6840706073726295,0.6648040163276243,0.02898085837602757
night_14h,39,0.03348696307362355,24.0,10,0.0007080944535687233,True,161.28281363939692,1533.3965418633738,0.01535492220835652,0.6511583052093076,0.6358033830009511,0.0241504254599626
