subject_code,sample_code,model_id,relative_increment,model_sha256
DEMO_PERSON_001,DEMO_PERSON_001-1p0,LEGACY_LOCKED,1.032162515,2b4bc56c18e424604a9db2976e45e7ad6e1491f42372b82b0db9f10658652567
DEMO_PERSON_001,DEMO_PERSON_001-1p0,M2_LOCKED,1.014382766,6326ab715c41b92db9a0eebbd10e89c40baf8059994580e041b780b3deaa2702
DEMO_PERSON_001,DEMO_PERSON_001-2p0,LEGACY_LOCKED,1.139251589,2b4bc56c18e424604a9db2976e45e7ad6e1491f42372b82b0db9f10658652567
DEMO_PERSON_001,DEMO_PERSON_001-2p0,M2_LOCKED,1.102170398,6326ab715c41b92db9a0eebbd10e89c40baf8059994580e041b780b3deaa2702
DEMO_PERSON_001,DEMO_PERSON_001-4p0,LEGACY_LOCKED,0.785463399,2b4bc56c18e424604a9db2976e45e7ad6e1491f42372b82b0db9f10658652567
DEMO_PERSON_001,DEMO_PERSON_001-4p0,M2_LOCKED,0.703351094,6326ab715c41b92db9a0eebbd10e89c40baf8059994580e041b780b3deaa2702
DEMO_PERSON_001,DEMO_PERSON_001-8p0,LEGACY_LOCKED,0.291692118,2b4bc56c18e424604a9db2976e45e7ad6e1491f42372b82b0db9f10658652567
DEMO_PERSON_001,DEMO_PERSON_001-8p0,M2_LOCKED,0.150779378,6326ab715c41b92db9a0eebbd10e89c40baf8059994580e041b780b3deaa2702
DEMO_PERSON_001,DEMO_PERSON_001-12p0,LEGACY_LOCKED,0.081928296,2b4bc56c18e424604a9db2976e45e7ad6e1491f42372b82b0db9f10658652567
DEMO_PERSON_001,DEMO_PERSON_001-12p0,M2_LOCKED,0.055200230,6326ab715c41b92db9a0eebbd10e89c40baf8059994580e041b780b3deaa2702
DEMO_PERSON_001,DEMO_PERSON_001-24p0,LEGACY_LOCKED,0.000000000,2b4bc56c18e424604a9db2976e45e7ad6e1491f42372b82b0db9f10658652567
DEMO_PERSON_001,DEMO_PERSON_001-24p0,M2_LOCKED,0.002760482,6326ab715c41b92db9a0eebbd10e89c40baf8059994580e041b780b3deaa2702
DEMO_PERSON_001,DEMO_PERSON_001-B,LEGACY_LOCKED,0.0,2b4bc56c18e424604a9db2976e45e7ad6e1491f42372b82b0db9f10658652567
DEMO_PERSON_001,DEMO_PERSON_001-B,M2_LOCKED,0.0,6326ab715c41b92db9a0eebbd10e89c40baf8059994580e041b780b3deaa2702
DEMO_PERSON_002,DEMO_PERSON_002-1p0,LEGACY_LOCKED,1.123368001,2b4bc56c18e424604a9db2976e45e7ad6e1491f42372b82b0db9f10658652567
DEMO_PERSON_002,DEMO_PERSON_002-1p0,M2_LOCKED,1.023499807,6326ab715c41b92db9a0eebbd10e89c40baf8059994580e041b780b3deaa2702
DEMO_PERSON_002,DEMO_PERSON_002-2p0,LEGACY_LOCKED,1.206600617,2b4bc56c18e424604a9db2976e45e7ad6e1491f42372b82b0db9f10658652567
DEMO_PERSON_002,DEMO_PERSON_002-2p0,M2_LOCKED,1.106489761,6326ab715c41b92db9a0eebbd10e89c40baf8059994580e041b780b3deaa2702
DEMO_PERSON_002,DEMO_PERSON_002-4p0,LEGACY_LOCKED,0.794280837,2b4bc56c18e424604a9db2976e45e7ad6e1491f42372b82b0db9f10658652567
DEMO_PERSON_002,DEMO_PERSON_002-4p0,M2_LOCKED,0.696336066,6326ab715c41b92db9a0eebbd10e89c40baf8059994580e041b780b3deaa2702
DEMO_PERSON_002,DEMO_PERSON_002-8p0,LEGACY_LOCKED,0.191829054,2b4bc56c18e424604a9db2976e45e7ad6e1491f42372b82b0db9f10658652567
DEMO_PERSON_002,DEMO_PERSON_002-8p0,M2_LOCKED,0.144935390,6326ab715c41b92db9a0eebbd10e89c40baf8059994580e041b780b3deaa2702
DEMO_PERSON_002,DEMO_PERSON_002-12p0,LEGACY_LOCKED,0.000000000,2b4bc56c18e424604a9db2976e45e7ad6e1491f42372b82b0db9f10658652567
DEMO_PERSON_002,DEMO_PERSON_002-12p0,M2_LOCKED,0.067079171,6326ab715c41b92db9a0eebbd10e89c40baf8059994580e041b780b3deaa2702
DEMO_PERSON_002,DEMO_PERSON_002-24p0,LEGACY_LOCKED,0.104265927,2b4bc56c18e424604a9db2976e45e7ad6e1491f42372b82b0db9f10658652567
DEMO_PERSON_002,DEMO_PERSON_002-24p0,M2_LOCKED,0.013889544,6326ab715c41b92db9a0eebbd10e89c40baf8059994580e041b780b3deaa2702
DEMO_PERSON_002,DEMO_PERSON_002-B,LEGACY_LOCKED,0.0,2b4bc56c18e424604a9db2976e45e7ad6e1491f42372b82b0db9f10658652567
DEMO_PERSON_002,DEMO_PERSON_002-B,M2_LOCKED,0.0,6326ab715c41b92db9a0eebbd10e89c40baf8059994580e041b780b3deaa2702
DEMO_PERSON_003,DEMO_PERSON_003-1p0,LEGACY_LOCKED,1.101149516,2b4bc56c18e424604a9db2976e45e7ad6e1491f42372b82b0db9f10658652567
DEMO_PERSON_003,DEMO_PERSON_003-1p0,M2_LOCKED,1.028906746,6326ab715c41b92db9a0eebbd10e89c40baf8059994580e041b780b3deaa2702
DEMO_PERSON_003,DEMO_PERSON_003-2p0,LEGACY_LOCKED,1.154727648,2b4bc56c18e424604a9db2976e45e7ad6e1491f42372b82b0db9f10658652567
DEMO_PERSON_003,DEMO_PERSON_003-2p0,M2_LOCKED,1.106141698,6326ab715c41b92db9a0eebbd10e89c40baf8059994580e041b780b3deaa2702
DEMO_PERSON_003,DEMO_PERSON_003-4p0,LEGACY_LOCKED,0.694417772,2b4bc56c18e424604a9db2976e45e7ad6e1491f42372b82b0db9f10658652567
DEMO_PERSON_003,DEMO_PERSON_003-4p0,M2_LOCKED,0.686121816,6326ab715c41b92db9a0eebbd10e89c40baf8059994580e041b780b3deaa2702
DEMO_PERSON_003,DEMO_PERSON_003-8p0,LEGACY_LOCKED,0.075099128,2b4bc56c18e424604a9db2976e45e7ad6e1491f42372b82b0db9f10658652567
DEMO_PERSON_003,DEMO_PERSON_003-8p0,M2_LOCKED,0.143598514,6326ab715c41b92db9a0eebbd10e89c40baf8059994580e041b780b3deaa2702
DEMO_PERSON_003,DEMO_PERSON_003-12p0,LEGACY_LOCKED,0.000000000,2b4bc56c18e424604a9db2976e45e7ad6e1491f42372b82b0db9f10658652567
DEMO_PERSON_003,DEMO_PERSON_003-12p0,M2_LOCKED,0.078406095,6326ab715c41b92db9a0eebbd10e89c40baf8059994580e041b780b3deaa2702
DEMO_PERSON_003,DEMO_PERSON_003-24p0,LEGACY_LOCKED,0.147474242,2b4bc56c18e424604a9db2976e45e7ad6e1491f42372b82b0db9f10658652567
DEMO_PERSON_003,DEMO_PERSON_003-24p0,M2_LOCKED,0.025802964,6326ab715c41b92db9a0eebbd10e89c40baf8059994580e041b780b3deaa2702
DEMO_PERSON_003,DEMO_PERSON_003-B,LEGACY_LOCKED,0.0,2b4bc56c18e424604a9db2976e45e7ad6e1491f42372b82b0db9f10658652567
DEMO_PERSON_003,DEMO_PERSON_003-B,M2_LOCKED,0.0,6326ab715c41b92db9a0eebbd10e89c40baf8059994580e041b780b3deaa2702
DEMO_PERSON_004,DEMO_PERSON_004-1p0,LEGACY_LOCKED,0.985934633,2b4bc56c18e424604a9db2976e45e7ad6e1491f42372b82b0db9f10658652567
DEMO_PERSON_004,DEMO_PERSON_004-1p0,M2_LOCKED,1.029749944,6326ab715c41b92db9a0eebbd10e89c40baf8059994580e041b780b3deaa2702
DEMO_PERSON_004,DEMO_PERSON_004-2p0,LEGACY_LOCKED,1.031324449,2b4bc56c18e424604a9db2976e45e7ad6e1491f42372b82b0db9f10658652567
DEMO_PERSON_004,DEMO_PERSON_004-2p0,M2_LOCKED,1.101181161,6326ab715c41b92db9a0eebbd10e89c40baf8059994580e041b780b3deaa2702
DEMO_PERSON_004,DEMO_PERSON_004-4p0,LEGACY_LOCKED,0.577687847,2b4bc56c18e424604a9db2976e45e7ad6e1491f42372b82b0db9f10658652567
DEMO_PERSON_004,DEMO_PERSON_004-4p0,M2_LOCKED,0.674320947,6326ab715c41b92db9a0eebbd10e89c40baf8059994580e041b780b3deaa2702
DEMO_PERSON_004,DEMO_PERSON_004-8p0,LEGACY_LOCKED,0.048823297,2b4bc56c18e424604a9db2976e45e7ad6e1491f42372b82b0db9f10658652567
DEMO_PERSON_004,DEMO_PERSON_004-8p0,M2_LOCKED,0.146979813,6326ab715c41b92db9a0eebbd10e89c40baf8059994580e041b780b3deaa2702
DEMO_PERSON_004,DEMO_PERSON_004-12p0,LEGACY_LOCKED,0.027258680,2b4bc56c18e424604a9db2976e45e7ad6e1491f42372b82b0db9f10658652567
DEMO_PERSON_004,DEMO_PERSON_004-12p0,M2_LOCKED,0.087392730,6326ab715c41b92db9a0eebbd10e89c40baf8059994580e041b780b3deaa2702
DEMO_PERSON_004,DEMO_PERSON_004-24p0,LEGACY_LOCKED,0.072433073,2b4bc56c18e424604a9db2976e45e7ad6e1491f42372b82b0db9f10658652567
DEMO_PERSON_004,DEMO_PERSON_004-24p0,M2_LOCKED,0.036619875,6326ab715c41b92db9a0eebbd10e89c40baf8059994580e041b780b3deaa2702
DEMO_PERSON_004,DEMO_PERSON_004-B,LEGACY_LOCKED,0.0,2b4bc56c18e424604a9db2976e45e7ad6e1491f42372b82b0db9f10658652567
DEMO_PERSON_004,DEMO_PERSON_004-B,M2_LOCKED,0.0,6326ab715c41b92db9a0eebbd10e89c40baf8059994580e041b780b3deaa2702
DEMO_PERSON_005,DEMO_PERSON_005-1p0,LEGACY_LOCKED,0.883651383,2b4bc56c18e424604a9db2976e45e7ad6e1491f42372b82b0db9f10658652567
DEMO_PERSON_005,DEMO_PERSON_005-1p0,M2_LOCKED,1.025896281,6326ab715c41b92db9a0eebbd10e89c40baf8059994580e041b780b3deaa2702
DEMO_PERSON_005,DEMO_PERSON_005-2p0,LEGACY_LOCKED,0.949847354,2b4bc56c18e424604a9db2976e45e7ad6e1491f42372b82b0db9f10658652567
DEMO_PERSON_005,DEMO_PERSON_005-2p0,M2_LOCKED,1.092391310,6326ab715c41b92db9a0eebbd10e89c40baf8059994580e041b780b3deaa2702
DEMO_PERSON_005,DEMO_PERSON_005-4p0,LEGACY_LOCKED,0.551412015,2b4bc56c18e424604a9db2976e45e7ad6e1491f42372b82b0db9f10658652567
DEMO_PERSON_005,DEMO_PERSON_005-4p0,M2_LOCKED,0.662796558,6326ab715c41b92db9a0eebbd10e89c40baf8059994580e041b780b3deaa2702
DEMO_PERSON_005,DEMO_PERSON_005-8p0,LEGACY_LOCKED,0.137159438,2b4bc56c18e424604a9db2976e45e7ad6e1491f42372b82b0db9f10658652567
DEMO_PERSON_005,DEMO_PERSON_005-8p0,M2_LOCKED,0.154545453,6326ab715c41b92db9a0eebbd10e89c40baf8059994580e041b780b3deaa2702
DEMO_PERSON_005,DEMO_PERSON_005-12p0,LEGACY_LOCKED,0.148990952,2b4bc56c18e424604a9db2976e45e7ad6e1491f42372b82b0db9f10658652567
DEMO_PERSON_005,DEMO_PERSON_005-12p0,M2_LOCKED,0.092620285,6326ab715c41b92db9a0eebbd10e89c40baf8059994580e041b780b3deaa2702
DEMO_PERSON_005,DEMO_PERSON_005-24p0,LEGACY_LOCKED,0.000000000,2b4bc56c18e424604a9db2976e45e7ad6e1491f42372b82b0db9f10658652567
DEMO_PERSON_005,DEMO_PERSON_005-24p0,M2_LOCKED,0.044632524,6326ab715c41b92db9a0eebbd10e89c40baf8059994580e041b780b3deaa2702
DEMO_PERSON_005,DEMO_PERSON_005-B,LEGACY_LOCKED,0.0,2b4bc56c18e424604a9db2976e45e7ad6e1491f42372b82b0db9f10658652567
DEMO_PERSON_005,DEMO_PERSON_005-B,M2_LOCKED,0.0,6326ab715c41b92db9a0eebbd10e89c40baf8059994580e041b780b3deaa2702
DEMO_PERSON_006,DEMO_PERSON_006-1p0,LEGACY_LOCKED,0.888338516,2b4bc56c18e424604a9db2976e45e7ad6e1491f42372b82b0db9f10658652567
DEMO_PERSON_006,DEMO_PERSON_006-1p0,M2_LOCKED,1.017954164,6326ab715c41b92db9a0eebbd10e89c40baf8059994580e041b780b3deaa2702
DEMO_PERSON_006,DEMO_PERSON_006-2p0,LEGACY_LOCKED,0.985206026,2b4bc56c18e424604a9db2976e45e7ad6e1491f42372b82b0db9f10658652567
DEMO_PERSON_006,DEMO_PERSON_006-2p0,M2_LOCKED,1.081159869,6326ab715c41b92db9a0eebbd10e89c40baf8059994580e041b780b3deaa2702
DEMO_PERSON_006,DEMO_PERSON_006-4p0,LEGACY_LOCKED,0.639748156,2b4bc56c18e424604a9db2976e45e7ad6e1491f42372b82b0db9f10658652567
DEMO_PERSON_006,DEMO_PERSON_006-4p0,M2_LOCKED,0.653368096,6326ab715c41b92db9a0eebbd10e89c40baf8059994580e041b780b3deaa2702
DEMO_PERSON_006,DEMO_PERSON_006-8p0,LEGACY_LOCKED,0.258891710,2b4bc56c18e424604a9db2976e45e7ad6e1491f42372b82b0db9f10658652567
DEMO_PERSON_006,DEMO_PERSON_006-8p0,M2_LOCKED,0.165100988,6326ab715c41b92db9a0eebbd10e89c40baf8059994580e041b780b3deaa2702
DEMO_PERSON_006,DEMO_PERSON_006-12p0,LEGACY_LOCKED,0.192199267,2b4bc56c18e424604a9db2976e45e7ad6e1491f42372b82b0db9f10658652567
DEMO_PERSON_006,DEMO_PERSON_006-12p0,M2_LOCKED,0.093263442,6326ab715c41b92db9a0eebbd10e89c40baf8059994580e041b780b3deaa2702
DEMO_PERSON_006,DEMO_PERSON_006-24p0,LEGACY_LOCKED,0.000000000,2b4bc56c18e424604a9db2976e45e7ad6e1491f42372b82b0db9f10658652567
DEMO_PERSON_006,DEMO_PERSON_006-24p0,M2_LOCKED,0.048575890,6326ab715c41b92db9a0eebbd10e89c40baf8059994580e041b780b3deaa2702
DEMO_PERSON_006,DEMO_PERSON_006-B,LEGACY_LOCKED,0.0,2b4bc56c18e424604a9db2976e45e7ad6e1491f42372b82b0db9f10658652567
DEMO_PERSON_006,DEMO_PERSON_006-B,M2_LOCKED,0.0,6326ab715c41b92db9a0eebbd10e89c40baf8059994580e041b780b3deaa2702
DEMO_PERSON_007,DEMO_PERSON_007-1p0,LEGACY_LOCKED,0.995686702,2b4bc56c18e424604a9db2976e45e7ad6e1491f42372b82b0db9f10658652567
DEMO_PERSON_007,DEMO_PERSON_007-1p0,M2_LOCKED,1.007177480,6326ab715c41b92db9a0eebbd10e89c40baf8059994580e041b780b3deaa2702
DEMO_PERSON_007,DEMO_PERSON_007-2p0,LEGACY_LOCKED,1.104891867,2b4bc56c18e424604a9db2976e45e7ad6e1491f42372b82b0db9f10658652567
DEMO_PERSON_007,DEMO_PERSON_007-2p0,M2_LOCKED,1.069260036,6326ab715c41b92db9a0eebbd10e89c40baf8059994580e041b780b3deaa2702
DEMO_PERSON_007,DEMO_PERSON_007-4p0,LEGACY_LOCKED,0.761480429,2b4bc56c18e424604a9db2976e45e7ad6e1491f42372b82b0db9f10658652567
DEMO_PERSON_007,DEMO_PERSON_007-4p0,M2_LOCKED,0.647524109,6326ab715c41b92db9a0eebbd10e89c40baf8059994580e041b780b3deaa2702
DEMO_PERSON_007,DEMO_PERSON_007-8p0,LEGACY_LOCKED,0.302100025,2b4bc56c18e424604a9db2976e45e7ad6e1491f42372b82b0db9f10658652567
DEMO_PERSON_007,DEMO_PERSON_007-8p0,M2_LOCKED,0.176979929,6326ab715c41b92db9a0eebbd10e89c40baf8059994580e041b780b3deaa2702
DEMO_PERSON_007,DEMO_PERSON_007-12p0,LEGACY_LOCKED,0.117158098,2b4bc56c18e424604a9db2976e45e7ad6e1491f42372b82b0db9f10658652567
DEMO_PERSON_007,DEMO_PERSON_007-12p0,M2_LOCKED,0.089220662,6326ab715c41b92db9a0eebbd10e89c40baf8059994580e041b780b3deaa2702
DEMO_PERSON_007,DEMO_PERSON_007-24p0,LEGACY_LOCKED,0.000000000,2b4bc56c18e424604a9db2976e45e7ad6e1491f42372b82b0db9f10658652567
DEMO_PERSON_007,DEMO_PERSON_007-24p0,M2_LOCKED,0.047827403,6326ab715c41b92db9a0eebbd10e89c40baf8059994580e041b780b3deaa2702
DEMO_PERSON_007,DEMO_PERSON_007-B,LEGACY_LOCKED,0.0,2b4bc56c18e424604a9db2976e45e7ad6e1491f42372b82b0db9f10658652567
DEMO_PERSON_007,DEMO_PERSON_007-B,M2_LOCKED,0.0,6326ab715c41b92db9a0eebbd10e89c40baf8059994580e041b780b3deaa2702
DEMO_PERSON_008,DEMO_PERSON_008-1p0,LEGACY_LOCKED,1.107000514,2b4bc56c18e424604a9db2976e45e7ad6e1491f42372b82b0db9f10658652567
DEMO_PERSON_008,DEMO_PERSON_008-1p0,M2_LOCKED,0.995267629,6326ab715c41b92db9a0eebbd10e89c40baf8059994580e041b780b3deaa2702
DEMO_PERSON_008,DEMO_PERSON_008-2p0,LEGACY_LOCKED,1.198866266,2b4bc56c18e424604a9db2976e45e7ad6e1491f42372b82b0db9f10658652567
DEMO_PERSON_008,DEMO_PERSON_008-2p0,M2_LOCKED,1.058570532,6326ab715c41b92db9a0eebbd10e89c40baf8059994580e041b780b3deaa2702
DEMO_PERSON_008,DEMO_PERSON_008-4p0,LEGACY_LOCKED,0.804688743,2b4bc56c18e424604a9db2976e45e7ad6e1491f42372b82b0db9f10658652567
DEMO_PERSON_008,DEMO_PERSON_008-4p0,M2_LOCKED,0.646187233,6326ab715c41b92db9a0eebbd10e89c40baf8059994580e041b780b3deaa2702
DEMO_PERSON_008,DEMO_PERSON_008-8p0,LEGACY_LOCKED,0.227058856,2b4bc56c18e424604a9db2976e45e7ad6e1491f42372b82b0db9f10658652567
DEMO_PERSON_008,DEMO_PERSON_008-8p0,M2_LOCKED,0.188306853,6326ab715c41b92db9a0eebbd10e89c40baf8059994580e041b780b3deaa2702
DEMO_PERSON_008,DEMO_PERSON_008-12p0,LEGACY_LOCKED,0.000000000,2b4bc56c18e424604a9db2976e45e7ad6e1491f42372b82b0db9f10658652567
DEMO_PERSON_008,DEMO_PERSON_008-12p0,M2_LOCKED,0.081130210,6326ab715c41b92db9a0eebbd10e89c40baf8059994580e041b780b3deaa2702
DEMO_PERSON_008,DEMO_PERSON_008-24p0,LEGACY_LOCKED,0.073479384,2b4bc56c18e424604a9db2976e45e7ad6e1491f42372b82b0db9f10658652567
DEMO_PERSON_008,DEMO_PERSON_008-24p0,M2_LOCKED,0.042505232,6326ab715c41b92db9a0eebbd10e89c40baf8059994580e041b780b3deaa2702
DEMO_PERSON_008,DEMO_PERSON_008-B,LEGACY_LOCKED,0.0,2b4bc56c18e424604a9db2976e45e7ad6e1491f42372b82b0db9f10658652567
DEMO_PERSON_008,DEMO_PERSON_008-B,M2_LOCKED,0.0,6326ab715c41b92db9a0eebbd10e89c40baf8059994580e041b780b3deaa2702
