fit_id,clock,night_gap_h,shape_ratio,observed_mean_ratio,eligible_nominal,q24_index
14,fixed_q6h,6.0,0.22637297656701863,0.11427773120983514,False,0.0029782601709176185
14,fixed_night9h,9.0,0.13492825657056018,0.11427773120983514,False,0.0029782601709176185
14,fixed_night10h,10.0,0.1113300162591415,0.11427773120983514,True,0.0029782601709176185
14,fixed_night12h,12.0,0.08357596081503188,0.11427773120983514,True,0.0029782601709176185
14,fixed_night14h,14.0,0.05930270312335972,0.11427773120983514,True,0.0029782601709176185
15,fixed_q6h,6.0,0.2340865156291691,0.11427773120983514,False,0.0023783560099443616
15,fixed_night9h,9.0,0.13329115317925372,0.11427773120983514,False,0.0023783560099443616
15,fixed_night10h,10.0,0.10835232799034464,0.11427773120983514,True,0.0023783560099443616
15,fixed_night12h,12.0,0.07910122241991373,0.11427773120983514,True,0.0023783560099443616
15,fixed_night14h,14.0,0.05454255282368625,0.11427773120983514,True,0.0023783560099443616
17,fixed_q6h,6.0,0.1485836813735134,0.11427773120983514,False,0.001336005570286411
17,fixed_night9h,9.0,0.08017460523029044,0.11427773120983514,True,0.001336005570286411
17,fixed_night10h,10.0,0.06410184474525753,0.11427773120983514,True,0.001336005570286411
17,fixed_night12h,12.0,0.045245024318171276,0.11427773120983514,True,0.001336005570286411
17,fixed_night14h,14.0,0.030129513116309712,0.11427773120983514,True,0.001336005570286411
18,fixed_q6h,6.0,0.15893345968015432,0.11427773120983514,False,0.0008611683541270363
18,fixed_night9h,9.0,0.07878942421738382,0.11427773120983514,True,0.0008611683541270363
18,fixed_night10h,10.0,0.06130909127185411,0.11427773120983514,True,0.0008611683541270363
18,fixed_night12h,12.0,0.04101482664857753,0.11427773120983514,True,0.0008611683541270363
18,fixed_night14h,14.0,0.025881171420664758,0.11427773120983514,True,0.0008611683541270363
19,fixed_q6h,6.0,0.16423356169832376,0.11427773120983514,False,0.0006641542730855463
19,fixed_night9h,9.0,0.07733120641905811,0.11427773120983514,True,0.0006641542730855463
19,fixed_night10h,10.0,0.05920054630994101,0.11427773120983514,True,0.0006641542730855463
19,fixed_night12h,12.0,0.038320084616882286,0.11427773120983514,True,0.0006641542730855463
19,fixed_night14h,14.0,0.023401893113938883,0.11427773120983514,True,0.0006641542730855463
22,fixed_q6h,6.0,0.6372280279812735,0.11427773120983514,False,0.06299386364896951
22,fixed_night9h,9.0,0.5617831980714115,0.11427773120983514,False,0.06299386364896951
22,fixed_night10h,10.0,0.536582162729244,0.11427773120983514,False,0.06299386364896951
22,fixed_night12h,12.0,0.5095287657322384,0.11427773120983514,False,0.06299386364896951
22,fixed_night14h,14.0,0.4724840918723781,0.11427773120983514,False,0.06299386364896951
26,fixed_q6h,6.0,0.47710952036645693,0.11427773120983514,False,0.039234991475028826
26,fixed_night9h,9.0,0.40528554946374046,0.11427773120983514,False,0.039234991475028826
26,fixed_night10h,10.0,0.3816564952298602,0.11427773120983514,False,0.039234991475028826
26,fixed_night12h,12.0,0.3557668226780551,0.11427773120983514,False,0.039234991475028826
26,fixed_night14h,14.0,0.32200209932436086,0.11427773120983514,False,0.039234991475028826
29,fixed_q6h,6.0,0.32167872012214677,0.11427773120983514,False,0.021277612954031834
29,fixed_night9h,9.0,0.2586731848812483,0.11427773120983514,False,0.021277612954031834
29,fixed_night10h,10.0,0.23814634635891513,0.11427773120983514,False,0.021277612954031834
29,fixed_night12h,12.0,0.21498893004684957,0.11427773120983514,False,0.021277612954031834
29,fixed_night14h,14.0,0.18693992748111243,0.11427773120983514,False,0.021277612954031834
30,fixed_q6h,6.0,0.340811091443569,0.11427773120983514,False,0.019605843741902034
30,fixed_night9h,9.0,0.269750305470444,0.11427773120983514,False,0.019605843741902034
30,fixed_night10h,10.0,0.2471845365082206,0.11427773120983514,False,0.019605843741902034
30,fixed_night12h,12.0,0.2216862574233716,0.11427773120983514,False,0.019605843741902034
30,fixed_night14h,14.0,0.1912794754449197,0.11427773120983514,False,0.019605843741902034
33,fixed_q6h,6.0,0.21921926249076912,0.11427773120983514,False,0.007496846139665972
33,fixed_night9h,9.0,0.15433040622987385,0.11427773120983514,False,0.007496846139665972
33,fixed_night10h,10.0,0.1352456513629368,0.11427773120983514,False,0.007496846139665972
33,fixed_night12h,12.0,0.1129795557889055,0.11427773120983514,True,0.007496846139665972
33,fixed_night14h,14.0,0.08984084570198161,0.11427773120983514,True,0.007496846139665972
34,fixed_q6h,6.0,0.23121290788198798,0.11427773120983514,False,0.005448807572469503
34,fixed_night9h,9.0,0.1535101590010039,0.11427773120983514,False,0.005448807572469503
34,fixed_night10h,10.0,0.13176087905257033,0.11427773120983514,False,0.005448807572469503
34,fixed_night12h,12.0,0.10625647549388463,0.11427773120983514,True,0.005448807572469503
34,fixed_night14h,14.0,0.0813138654134198,0.11427773120983514,True,0.005448807572469503
35,fixed_q6h,6.0,0.23630437062687087,0.11427773120983514,False,0.003734441277694798
35,fixed_night9h,9.0,0.14618732953998667,0.11427773120983514,False,0.003734441277694798
35,fixed_night10h,10.0,0.12233714457427282,0.11427773120983514,False,0.003734441277694798
35,fixed_night12h,12.0,0.09429695389252554,0.11427773120983514,True,0.003734441277694798
35,fixed_night14h,14.0,0.06878119734897682,0.11427773120983514,True,0.003734441277694798
37,fixed_q6h,6.0,0.14921049002287712,0.11427773120983514,False,0.0018413720872012796
37,fixed_night9h,9.0,0.08524051152957073,0.11427773120983514,True,0.0018413720872012796
37,fixed_night10h,10.0,0.06958114028304041,0.11427773120983514,True,0.0018413720872012796
37,fixed_night12h,12.0,0.05113836086404552,0.11427773120983514,True,0.0018413720872012796
37,fixed_night14h,14.0,0.03549163748533975,0.11427773120983514,True,0.0018413720872012796
38,fixed_q6h,6.0,0.15901883686222687,0.11427773120983514,False,0.0010806716708431246
38,fixed_night9h,9.0,0.0821284793151628,0.11427773120983514,True,0.0010806716708431246
38,fixed_night10h,10.0,0.06482281729151786,0.11427773120983514,True,0.0010806716708431246
38,fixed_night12h,12.0,0.04462525471067845,0.11427773120983514,True,0.0010806716708431246
38,fixed_night14h,14.0,0.02898085837602757,0.11427773120983514,True,0.0010806716708431246
39,fixed_q6h,6.0,0.16421480476111147,0.11427773120983514,False,0.0007080944535687233
39,fixed_night9h,9.0,0.07822738904670579,0.11427773120983514,True,0.0007080944535687233
39,fixed_night10h,10.0,0.06012208857263611,0.11427773120983514,True,0.0007080944535687233
39,fixed_night12h,12.0,0.03923096018495898,0.11427773120983514,True,0.0007080944535687233
39,fixed_night14h,14.0,0.0241504254599626,0.11427773120983514,True,0.0007080944535687233
