Rosano_baseline_cap,Price_baseline,n,pseudo_loss,ke_per_h,k_fast_per_h,k_slow_per_h,slow_effective_weight,q6,q12,q24,AUC_normalized_0_24,t_peak_h,Price_model_auc,required_Cortez_gain_ratio
100.0,0.0,4,0.3723163626777679,1.2843665706511889,4.916096547243819,0.05570811846231341,0.6724915583822282,0.4546980356839928,0.18852334881173888,0.0638775709868651,3.733992660314467,1.1,1530.2722364691542,0.5460299513055804
100.0,0.0,6,0.320817721945691,1.3152602051823752,8.633998558065501,0.0722137082622716,0.6881019509284958,0.38341947720901337,0.15020556025518336,0.04445611707421655,3.431982183138875,0.98,1507.735885678892,0.4769564607705548
100.0,0.0,8,0.38234766668579656,1.3528347464485044,12.536389632324193,0.08151560252966171,0.7065813757306624,0.37079056966240737,0.14053959250315956,0.03840258603486085,3.4010211901115346,0.9,1478.0529507712495,0.4403469563936798
100.0,0.0,10,0.45592961204015253,1.4048492775747714,16.321725195276112,0.08780595356804581,0.7218725585686595,0.36990075151061386,0.13705331752878036,0.03543107874554025,3.432473358713434,0.86,1455.4305767981464,0.4166084176416862
100.0,6.0,4,0.35766058869649137,1.339219160002943,4.862164841022281,0.07065916162236373,0.6189208819878199,0.34097775543017206,0.13398540679530727,0.040178182200017065,3.409284559873493,1.1,1387.500512488888,0.4832434795809494
100.0,6.0,6,0.28564075434018726,1.39139192573599,8.503111483164297,0.09391473990829563,0.6450707353823973,0.28822048851423543,0.1041536254975853,0.025488353527329862,3.1018192190607725,0.98,1359.030545579898,0.39436703779859406
100.0,6.0,8,0.32212258244580244,1.422262305676016,12.383523002636746,0.10664564701349728,0.6669328886897236,0.27788295613868186,0.09568715409702194,0.02082083838174495,3.050114152990543,0.9,1327.8674635739844,0.35065318907350107
100.0,6.0,10,0.375027056859694,1.4618270432938856,16.175063970119435,0.11498895418329207,0.6825014597462569,0.27577132790572945,0.09193589015602738,0.018481881263584056,3.059694541887884,0.86,1306.9965628768387,0.3239621768003832
100.0,12.0,4,0.3357673527677046,1.3989923325655373,4.806619059308817,0.09342978110767963,0.5590579896592153,0.24639535402770243,0.08889920346210212,0.021851029191598117,3.0762279364460143,1.1,1244.5771917419113,0.39610219184635437
100.0,12.0,6,0.22094083143586105,1.4496724638691592,8.413175161204599,0.12662567327529836,0.5961018749224474,0.20835585240539994,0.06613903311200356,0.011874178273858279,2.7655693270946156,0.98,1213.4506240609087,0.28932032306145417
100.0,12.0,8,0.2209318037350119,1.4597484768866635,12.3068263405763,0.14430389579903463,0.6199819196568799,0.19954658264831704,0.05890783647224602,0.008858372887440284,2.6995647972513623,0.9,1184.8849935393105,0.24233386179082933
100.0,12.0,10,0.24755167918261423,1.4805412646726865,16.137704995402895,0.15558233417422548,0.6353363017104471,0.1967470488110602,0.05538545239929742,0.0074155833425183565,2.6956918354314854,0.86,1168.1997647776593,0.21576591077733256
100.0,18.0,4,0.31167950136057204,1.4387896388041628,4.776327583621766,0.12752994254728542,0.49502147626017395,0.1717914436501673,0.05407178321224355,0.009621546150847695,2.753694098273408,1.1,1105.8505563981976,0.28675261902986243
100.0,18.0,6,0.14168901527529565,1.4604705194150505,8.403481412471699,0.17165309871185405,0.5433375984024347,0.14702993856758592,0.03847941554420497,0.004350551954000752,2.467113987015577,0.98,1081.6020057984463,0.18220030951926583
100.0,18.0,8,0.10488143428800407,1.4496384466250545,12.319905658272578,0.19377518306471336,0.5699014723612454,0.14105106328662775,0.03344528572166302,0.0029782601709176185,2.406402047958421,0.9,1060.7949033014752,0.14350298708386522
100.0,18.0,10,0.10790303926913107,1.4555612755110896,16.193415979085415,0.2073393143756696,0.5861988628441387,0.13914393821662904,0.03100919266096402,0.0023783560099443616,2.4035874819081973,0.86,1050.1780532875007,0.12360032773644367
100.0,24.0,4,0.31730691739018524,1.4375780828550602,4.782892124979685,0.1729702730779557,0.4302710792169481,0.11743120062082528,0.03032530279493462,0.0033808411105639815,2.4789368767979854,1.1,981.8536832277417,0.17966059466620668
100.0,24.0,6,0.10694639357877543,1.4320044379634138,8.442506014907703,0.2249514752563691,0.4909015000840863,0.1038443057408566,0.021203999497826684,0.001336005570286411,2.239111293840802,0.98,972.063155070692,0.10153685365176135
100.0,24.0,8,0.04581601665129708,1.4098368443532372,12.373831668322383,0.25012591657848426,0.5208549288611282,0.1004962355912255,0.01818451240521761,0.0008611683541270363,2.1913686633936997,0.9,959.6333030129106,0.0763167064881655
100.0,24.0,10,0.03392468836151121,1.4074241773224643,16.278181127697266,0.26537853665282324,0.5387401387787566,0.09949813376325677,0.016707764586228774,0.0006641542730855463,2.1933022187587707,0.86,954.1080190960297,0.06405954385375887
225.0,0.0,4,0.35289097933172675,1.1752109576872862,5.0065036366256255,0.05009814265787825,0.6689452658988747,0.4818935077489091,0.20306890290666174,0.07190008233804374,3.7776300393154436,1.12,1528.85308041839,0.5705834666432599
225.0,0.0,6,0.15509955215825885,1.008729529704006,9.055764152060757,0.05118229449383912,0.6595519897288447,0.4414507831551017,0.18420767905645716,0.06467050628913065,3.4993861416144405,0.98,1533.1314285476662,0.5657593608578841
225.0,0.0,8,0.13181079087552597,0.9461482105774807,13.338585397144797,0.05166645972007171,0.6551641590341148,0.4338331127656228,0.18012259102008377,0.06299386364896951,3.4538333398997896,0.9,1534.4094158736477,0.5635899999289421
225.0,0.0,10,0.1631383452416776,0.9164501690833835,17.734501027821004,0.05190550670116635,0.651339714400942,0.434199924416681,0.17978116239093597,0.06275412042774045,3.4735556000552457,0.84,1539.2767673124001,0.562511338380026
225.0,6.0,4,0.3390694453294278,1.2098043059723977,4.972637959638211,0.06298011422835104,0.6109304656077037,0.36013279488719663,0.14483639878287385,0.04628407594661453,3.4565811682663967,1.12,1386.976941150024,0.5149761281225279
225.0,6.0,6,0.14644403451349838,1.0376934692464796,9.020141172126612,0.06533236582680738,0.6011003936204211,0.32842298176356854,0.13002617113188472,0.040754416181093205,3.1984820616595546,0.98,1390.1478226851434,0.5050997110810472
225.0,6.0,8,0.12573813789398403,0.9748574564223598,13.294146333372476,0.06655377705846031,0.5966671642673793,0.3220623495009228,0.12645636523211856,0.039234991475028826,3.15653935337183,0.9,1390.6332528057892,0.4999954889193542
225.0,6.0,10,0.1588256528770016,0.9453655690728313,17.675336627223306,0.06724752634102497,0.5927031323107816,0.3219070070456598,0.12580302148443576,0.03880652840390354,3.1756925435082204,0.84,1394.998178344735,0.4971036351945965
225.0,12.0,4,0.32260063646685017,1.2633935207362277,4.9231411170438095,0.0837537300662314,0.5461572866719323,0.25732843849684894,0.09580883677769356,0.025671614294253974,3.1217583348013602,1.1,1245.1572932196523,0.4317982021114684
225.0,12.0,6,0.13170587883887563,1.092054668906148,8.940271683485772,0.09001601293581857,0.5390070802199933,0.23263075699810787,0.08395198871030936,0.021277612954031834,2.8790097142022377,0.98,1245.2107314853092,0.4084370533290281
225.0,12.0,8,0.11115974928618345,1.035207204008955,13.168765045719967,0.09413851267693957,0.5373186436898519,0.2267648513783718,0.0802888438626867,0.019605843741902034,2.8354889244601176,0.9,1242.6600291269128,0.3935170472495978
225.0,12.0,10,0.14425615877488948,1.012978192073073,17.47516636039208,0.09727353625959885,0.5359285473572057,0.22544370477121514,0.07876187516391978,0.01869085520461201,2.848705724938136,0.84,1244.1758732712926,0.3824250603406983
225.0,18.0,4,0.3064755230255433,1.3384466510135553,4.859287649218484,0.11847800491483909,0.4813436780605626,0.17577344760588015,0.05714560533820977,0.011108364446319538,2.783511135409267,1.1,1106.1404528698279,0.31325679505421106
225.0,18.0,6,0.10693469492438505,1.2007599593919438,8.769479678643199,0.13793670952520257,0.489458786204062,0.1563828472437188,0.04673989421677807,0.007496846139665972,2.542185110902268,0.98,1099.3447078512745,0.2584783011971876
225.0,18.0,8,0.07517298188608514,1.1959236056084726,12.79748494900687,0.15702366173112284,0.5081950854757262,0.1495942221818821,0.04131265635855191,0.005448807572469503,2.4762511037950183,0.9,1085.7604727012565,0.21254533058605066
225.0,18.0,10,0.09283110714197557,1.2652427422793704,16.648067228165026,0.1804007436385261,0.5382395291965313,0.14480551205921205,0.036273131854987865,0.003734441277694798,2.4500039776398665,0.86,1070.085452272981,0.1659104717726117
225.0,24.0,4,0.3159997578262789,1.386161946561453,4.823494901966071,0.1672232389280152,0.42032762034775234,0.11811829077843156,0.0311897860134673,0.0036960437684197783,2.4906318294661176,1.1,980.8687804240666,0.19096682534471615
225.0,24.0,6,0.09666113750122174,1.2985506829199953,8.62110796512553,0.20533966238037618,0.45532081569673855,0.10565099180493151,0.023483001645222212,0.0018413720872012796,2.2646659840055623,0.98,975.1705286024463,0.12636335994339992
225.0,24.0,8,0.04090347614412098,1.3225176797677027,12.524025029853417,0.23663332787223557,0.49490662123950746,0.10169433670916965,0.019570217834732184,0.0010806716708431246,2.2056579487436014,0.9,963.1523437953839,0.0889879752077902
225.0,24.0,10,0.03348696307362355,1.3823250064791872,16.33057668138752,0.2616420808381402,0.5311770316375933,0.0998356318105866,0.017063180747183496,0.0007080944535687233,2.1967399140334516,0.86,955.2209865818878,0.06687509615822387