hours,M0_H_t_over_H_1h,M1_H_t_over_H_1h,M2_H_t_over_H_1h
0,0,0,0
0.05,0.0837091924707,1.22934928729e-06,0.0183640493832
0.1,0.162937856708,0.000166595597421,0.0353290598929
0.166666666667,0.261916526413,0.00428658894348,0.0570602605582
0.25,0.375508626851,0.0391520212672,0.094855639875
0.333333333333,0.478547488298,0.142458860721,0.1745260472
0.5,0.65576911169,0.5254328851,0.510463702458
0.666666666667,0.798779411835,0.865250023094,0.874907063636
0.75,0.858912478317,0.95754428974,0.982862037504
1,1,1,1
1.25,1.09151075253,0.908599670379,0.82460459102
1.5,1.1437547836,0.804769391045,0.652648143733
1.75,1.16522293827,0.71037647952,0.520179427276
2,1.16288277456,0.626831364097,0.421738808559
2.25,1.14242862678,0.553094500849,0.348397325531
2.5,1.10849269643,0.488030462852,0.293199988644
2.75,1.0648230411,0.430620252912,0.251122623893
3,1.01443346882,0.379963576909,0.218567199944
3.25,0.959729606432,0.335265976724,0.192957275552
3.5,0.902614778864,0.295826447522,0.172445900656
3.75,0.84457879637,0.261026448041,0.155707001952
4,0.786772285202,0.230320200062,0.141786543289
4.25,0.730068803176,0.203226128827,0.129996335763
4.5,0.67511664514,0.179319310363,0.11983826963
4.75,0.62238195625,0.158224807286,0.110950245846
5,0.572184526093,0.139611788546,0.103067586141
5.25,0.524727428001,0.123188340915,0.0959954844633
5.5,0.480121490046,0.108696890824,0.0895893349773
5.75,0.438405432819,0.0959101647689,0.0837406792813
6,0.399562380224,0.0846276249144,0.0783671627546
6.25,0.363533339983,0.0746723240015,0.0734053515998
6.5,0.330228157389,0.0658881302344,0.0688055913975
6.75,0.299534366804,0.0581372786214,0.0645283228418
7,0.271324298279,0.0512982103677,0.0605414378223
7.25,0.245460739768,0.0452636664346,0.0568183784948
7.5,0.221801407223,0.0399390053651,0.053336767194
7.75,0.200202434043,0.0352407189962,0.0500774158241
8,0.180521056847,0.0310951227757,0.0470236067172
8.25,0.162617645412,0.0274372001474,0.0441605678759
8.5,0.1463572,0.0242095828776,0.0414750875719
8.75,0.131610418581,0.0213616513332,0.0389552290127
9,0.118254419016,0.0188487405994,0.0365901170142
9.25,0.106173186581,0.0166314399876,0.0343697766222
9.5,0.095257804903,0.0146749749461,0.0322850093472
9.75,0.0854065180627,0.0129486616811,0.030327296749
10,0.0765246629849,0.0114254259341,0.0284887240228
10.25,0.068524504014,0.0100813783687,0.0267619183126
10.5,0.0613249955759,0.00889543990733,0.0251399979657
10.75,0.0548514938217,0.00784901114226,0.0236165299979
11,0.0490354340045,0.00692568063559,0.0221854938004
11.25,0.0438139869103,0.00611096753424,0.0208412496579
11.5,0.0391297048366,0.00539209446255,0.0195785110386
11.75,0.0349301652849,0.00475778713111,0.0183923198918
12,0.031167618631,0.00419809751891,0.0172780243904
12.25,0.0277986444856,0.00370424785569,0.0162312586976
12.5,0.024783820196,0.00326849295773,0.0152479244426
12.75,0.0220874039271,0.00288399875789,0.0143241736612
13,0.0196770339465,0.00254473512505,0.0134563930167
13.25,0.0175234450903,0.00224538129184,0.0126411891504
13.5,0.0156002028809,0.00198124240755,0.0118753750448
13.75,0.0138834553703,0.00174817590748,0.0111559573028
14,0.0123517024827,0.00154252654386,0.0104801242595
14.25,0.0109855824009,0.00136106905967,0.0098452348607
14.5,0.00976767437705,0.00120095760592,0.00924880824672
14.75,0.00868231723107,0.00105968110947,0.00868851399075
15,0.00771544272318,0.000935023891134,0.00816216294466
15.25,0.00685442294221,0.000825030916542,0.00766769865123
15.5,0.00608793082933,0.000727977134814,0.00720318928494
15.75,0.00540581295569,0.000642340424081,0.00676682008699
16,0.00479897368514,0.000566777719624,0.00635688626284
16.25,0.00425926987657,0.00050010395021,0.00597178631299
16.5,0.0037794153124,0.000441273452284,0.00561001577005
16.75,0.00335289407651,0.00038936357053,0.00527016131668
17,0.00297388214629,0.000343560187615,0.00495089526101
17.25,0.00263717650564,0.000303144956148,0.00465097034748
17.5,0.0023381311303,0.000267484032641,0.00436921488263
17.75,0.00207259924041,0.000236018136758,0.00410452815658
18,0.00183688125817,0.000208253779969,0.00385587614211
18.25,0.00162767795087,0.000183755526025,0.00362228745456
18.5,0.00144204827942,0.000162139161891,0.00340284955655
18.75,0.00127737151109,0.000143065672022,0.0031967051928
19,0.00113131319163,0.000126235921492,0.00300304904094
19.25,0.00100179460617,0.000111385964569,0.00282112456527
19.5,0.000886965390121,9.82829051851e-05,0.00265022106122
19.75,0.000785178981516,8.67212443597e-05,0.0024896708788
20,0.000694970633745,7.65196573009e-05,0.00233884681431
20.25,0.000615037733334,6.75181496378e-05,0.00219715966011
20.5,0.000544222191113,5.95755481834e-05,0.00206405590274
20.75,0.000481494696842,5.2567286876e-05,0.00193901556062
21,0.000425940647345,4.63834531745e-05,0.0018215501526
21.25,0.000376747576445,4.09270642684e-05,0.00171120078974
21.5,0.000333193931701,3.61125460696e-05,0.00160753638255
21.75,0.000294639058131,3.18643911294e-05,0.00151015195692
22,0.00026051426296,2.81159744343e-05,0.00141866707206
22.25,0.000230314848006,2.48085085065e-05,0.00133272433424
22.5,0.000203593007704,2.18901214239e-05,0.00125198800062
22.75,0.000179951501132,1.93150432976e-05,0.00117614266765
23,0.000159038015721,1.70428884502e-05,0.0011048920389
23.25,0.000140540148808,1.50380220355e-05,0.00103795776755
23.5,0.000124180940802,1.32690011673e-05,0.000975078369012
23.75,0.000109714900611,1.17080817918e-05,0.00091600819941
24,9.69244701963e-05,1.03307835695e-05,0.000860516495959
