record_id,study_id,role,time_h,dose_mg,observed,observed_unit,original_value,original_unit,original_statistic,source_location,assay,baseline_assumption_pg_ml,scenario,comparison_status,predicted,signed_error,absolute_error,relative_error,log_ratio,blind_external,clinical_pass,model
doll_sl_peak,Doll2022,TRAIN,1,1,144,pg/mL,144,pg/mL,reported sampled group peak; dispersion not available,Abstract Results,LC-MS/MS,0,single_dose_unknown_baseline_assumed_constant,conditional,144.02380642617644,0.023806426176435025,0.023806426176435025,0.000165322404003021,0.00016530873976037123,False,,HRT_current
doll_sl_peak,Doll2022,TRAIN,1,1,144,pg/mL,144,pg/mL,reported sampled group peak; dispersion not available,Abstract Results,LC-MS/MS,25,single_dose_unknown_baseline_assumed_constant,conditional,169.02380642617644,25.023806426176435,25.023806426176435,0.17377643351511413,0.1602262718534089,False,,HRT_current
doll_sl_peak,Doll2022,TRAIN,1,1,144,pg/mL,144,pg/mL,reported sampled group peak; dispersion not available,Abstract Results,LC-MS/MS,50,single_dose_unknown_baseline_assumed_constant,conditional,194.02380642617644,50.023806426176435,50.023806426176435,0.34738754462622523,0.29816756549562934,False,,HRT_current
doll_sl_peak,Doll2022,TRAIN,1,1,144,pg/mL,144,pg/mL,reported sampled group peak; dispersion not available,Abstract Results,LC-MS/MS,0,single_dose_unknown_baseline_assumed_constant,conditional,480.75873615081304,336.75873615081304,336.75873615081304,2.338602334380646,1.2055522566483492,False,,Featherline_80kg
doll_sl_peak,Doll2022,TRAIN,1,1,144,pg/mL,144,pg/mL,reported sampled group peak; dispersion not available,Abstract Results,LC-MS/MS,25,single_dose_unknown_baseline_assumed_constant,conditional,505.75873615081304,361.75873615081304,361.75873615081304,2.5122134454917573,1.2562464499772645,False,,Featherline_80kg
doll_sl_peak,Doll2022,TRAIN,1,1,144,pg/mL,144,pg/mL,reported sampled group peak; dispersion not available,Abstract Results,LC-MS/MS,50,single_dose_unknown_baseline_assumed_constant,conditional,530.7587361508131,386.7587361508131,386.7587361508131,2.685824556602869,1.304494260882853,False,,Featherline_80kg
doll_sl_peak,Doll2022,TRAIN,1,1,144,pg/mL,144,pg/mL,reported sampled group peak; dispersion not available,Abstract Results,LC-MS/MS,0,single_dose_unknown_baseline_assumed_constant,conditional,144.0,0.0,0.0,0.0,0.0,False,,Candidate_A
doll_sl_peak,Doll2022,TRAIN,1,1,144,pg/mL,144,pg/mL,reported sampled group peak; dispersion not available,Abstract Results,LC-MS/MS,25,single_dose_unknown_baseline_assumed_constant,conditional,144.0,0.0,0.0,0.0,0.0,False,,Candidate_A
doll_sl_peak,Doll2022,TRAIN,1,1,144,pg/mL,144,pg/mL,reported sampled group peak; dispersion not available,Abstract Results,LC-MS/MS,50,single_dose_unknown_baseline_assumed_constant,conditional,144.0,0.0,0.0,0.0,0.0,False,,Candidate_A
doll_sl_peak,Doll2022,TRAIN,1,1,144,pg/mL,144,pg/mL,reported sampled group peak; dispersion not available,Abstract Results,LC-MS/MS,0,single_dose_unknown_baseline_assumed_constant,conditional,144.0,0.0,0.0,0.0,0.0,False,,Candidate_B
doll_sl_peak,Doll2022,TRAIN,1,1,144,pg/mL,144,pg/mL,reported sampled group peak; dispersion not available,Abstract Results,LC-MS/MS,25,single_dose_unknown_baseline_assumed_constant,conditional,144.0,0.0,0.0,0.0,0.0,False,,Candidate_B
doll_sl_peak,Doll2022,TRAIN,1,1,144,pg/mL,144,pg/mL,reported sampled group peak; dispersion not available,Abstract Results,LC-MS/MS,50,single_dose_unknown_baseline_assumed_constant,conditional,144.0,0.0,0.0,0.0,0.0,False,,Candidate_B
pines_60min,Pines1998,DESIGN_EXPOSED,1,4,1759,pg/mL,1759,pg/mL,mean at fixed 60-min sample,Abstract Results sentence 1,unknown,0,single_dose_unknown_baseline_assumed_constant,conditional,576.0952257047057,-1182.9047742952944,1182.9047742952944,-0.6724870803270576,-1.1162277753019065,False,,HRT_current
pines_60min,Pines1998,DESIGN_EXPOSED,1,4,1759,pg/mL,1759,pg/mL,mean at fixed 60-min sample,Abstract Results sentence 1,unknown,25,single_dose_unknown_baseline_assumed_constant,conditional,601.0952257047057,-1157.9047742952944,1157.9047742952944,-0.6582744595197808,-1.0737473773213795,False,,HRT_current
pines_60min,Pines1998,DESIGN_EXPOSED,1,4,1759,pg/mL,1759,pg/mL,mean at fixed 60-min sample,Abstract Results sentence 1,unknown,50,single_dose_unknown_baseline_assumed_constant,conditional,626.0952257047057,-1132.9047742952944,1132.9047742952944,-0.6440618387125039,-1.032998267467043,False,,HRT_current
pines_60min,Pines1998,DESIGN_EXPOSED,1,4,1759,pg/mL,1759,pg/mL,mean at fixed 60-min sample,Abstract Results sentence 1,unknown,0,single_dose_unknown_baseline_assumed_constant,conditional,1923.0349446032521,164.03494460325214,164.03494460325214,0.09325465867154756,0.08915917260668207,False,,Featherline_80kg
pines_60min,Pines1998,DESIGN_EXPOSED,1,4,1759,pg/mL,1759,pg/mL,mean at fixed 60-min sample,Abstract Results sentence 1,unknown,25,single_dose_unknown_baseline_assumed_constant,conditional,1948.0349446032521,189.03494460325214,189.03494460325214,0.10746727947882441,0.1020756780120606,False,,Featherline_80kg
pines_60min,Pines1998,DESIGN_EXPOSED,1,4,1759,pg/mL,1759,pg/mL,mean at fixed 60-min sample,Abstract Results sentence 1,unknown,50,single_dose_unknown_baseline_assumed_constant,conditional,1973.0349446032521,214.03494460325214,214.03494460325214,0.12167990028610128,0.11482747253381381,False,,Featherline_80kg
pines_60min,Pines1998,DESIGN_EXPOSED,1,4,1759,pg/mL,1759,pg/mL,mean at fixed 60-min sample,Abstract Results sentence 1,unknown,0,single_dose_unknown_baseline_assumed_constant,conditional,576.0,-1183.0,1183.0,-0.672541216600341,-1.116393084041667,False,,Candidate_A
pines_60min,Pines1998,DESIGN_EXPOSED,1,4,1759,pg/mL,1759,pg/mL,mean at fixed 60-min sample,Abstract Results sentence 1,unknown,25,single_dose_unknown_baseline_assumed_constant,conditional,501.0,-1258.0,1258.0,-0.7151790790221717,-1.2558946436526934,False,,Candidate_A
pines_60min,Pines1998,DESIGN_EXPOSED,1,4,1759,pg/mL,1759,pg/mL,mean at fixed 60-min sample,Abstract Results sentence 1,unknown,50,single_dose_unknown_baseline_assumed_constant,conditional,426.0,-1333.0,1333.0,-0.7578169414440022,-1.4180613984681878,False,,Candidate_A
pines_60min,Pines1998,DESIGN_EXPOSED,1,4,1759,pg/mL,1759,pg/mL,mean at fixed 60-min sample,Abstract Results sentence 1,unknown,0,single_dose_unknown_baseline_assumed_constant,conditional,576.0,-1183.0,1183.0,-0.672541216600341,-1.116393084041667,False,,Candidate_B
pines_60min,Pines1998,DESIGN_EXPOSED,1,4,1759,pg/mL,1759,pg/mL,mean at fixed 60-min sample,Abstract Results sentence 1,unknown,25,single_dose_unknown_baseline_assumed_constant,conditional,501.0,-1258.0,1258.0,-0.7151790790221717,-1.2558946436526934,False,,Candidate_B
pines_60min,Pines1998,DESIGN_EXPOSED,1,4,1759,pg/mL,1759,pg/mL,mean at fixed 60-min sample,Abstract Results sentence 1,unknown,50,single_dose_unknown_baseline_assumed_constant,conditional,426.0,-1333.0,1333.0,-0.7578169414440022,-1.4180613984681878,False,,Candidate_B
yaish_90min,Yaish2023,DESIGN_EXPOSED,1.5,0.5,543.1762462544266,pg/mL,1994,pmol/L,"mean at fixed 90-min sample, NOT true Cmax",Methods: Measures and Statistical methods; Results: Effect of GAHT on sex hormones final paragraph,Immulite 2000 chemiluminescence,0,synthetic_q6h_30days_not_actual_individual_history,conditional,66.47680021245459,-476.699446041972,476.699446041972,-0.8776146772417649,-2.100580828199865,False,,HRT_current
yaish_90min,Yaish2023,DESIGN_EXPOSED,1.5,0.5,543.1762462544266,pg/mL,1994,pmol/L,"mean at fixed 90-min sample, NOT true Cmax",Methods: Measures and Statistical methods; Results: Effect of GAHT on sex hormones final paragraph,Immulite 2000 chemiluminescence,25,synthetic_q6h_30days_not_actual_individual_history,conditional,91.47680021245459,-451.699446041972,451.699446041972,-0.8315891005115743,-1.7813484554654027,False,,HRT_current
yaish_90min,Yaish2023,DESIGN_EXPOSED,1.5,0.5,543.1762462544266,pg/mL,1994,pmol/L,"mean at fixed 90-min sample, NOT true Cmax",Methods: Measures and Statistical methods; Results: Effect of GAHT on sex hormones final paragraph,Immulite 2000 chemiluminescence,50,synthetic_q6h_30days_not_actual_individual_history,conditional,116.47680021245459,-426.699446041972,426.699446041972,-0.7855635237813837,-1.5397417326395522,False,,HRT_current
yaish_90min,Yaish2023,DESIGN_EXPOSED,1.5,0.5,543.1762462544266,pg/mL,1994,pmol/L,"mean at fixed 90-min sample, NOT true Cmax",Methods: Measures and Statistical methods; Results: Effect of GAHT on sex hormones final paragraph,Immulite 2000 chemiluminescence,0,synthetic_q6h_30days_not_actual_individual_history,conditional,272.96375015109095,-270.21249610333564,270.21249610333564,-0.4974674389144158,-0.6880948429679505,False,,Featherline_80kg
yaish_90min,Yaish2023,DESIGN_EXPOSED,1.5,0.5,543.1762462544266,pg/mL,1994,pmol/L,"mean at fixed 90-min sample, NOT true Cmax",Methods: Measures and Statistical methods; Results: Effect of GAHT on sex hormones final paragraph,Immulite 2000 chemiluminescence,25,synthetic_q6h_30days_not_actual_individual_history,conditional,297.96375015109095,-245.21249610333564,245.21249610333564,-0.4514418621842252,-0.6004620106891729,False,,Featherline_80kg
yaish_90min,Yaish2023,DESIGN_EXPOSED,1.5,0.5,543.1762462544266,pg/mL,1994,pmol/L,"mean at fixed 90-min sample, NOT true Cmax",Methods: Measures and Statistical methods; Results: Effect of GAHT on sex hormones final paragraph,Immulite 2000 chemiluminescence,50,synthetic_q6h_30days_not_actual_individual_history,conditional,322.96375015109095,-220.21249610333564,220.21249610333564,-0.4054162854540347,-0.5198937577169276,False,,Featherline_80kg
yaish_90min,Yaish2023,DESIGN_EXPOSED,1.5,0.5,543.1762462544266,pg/mL,1994,pmol/L,"mean at fixed 90-min sample, NOT true Cmax",Methods: Measures and Statistical methods; Results: Effect of GAHT on sex hormones final paragraph,Immulite 2000 chemiluminescence,0,synthetic_q6h_30days_not_actual_individual_history,conditional,66.3208037316035,-476.85544252282307,476.85544252282307,-0.877901870361727,-2.102930216260666,False,,Candidate_A
yaish_90min,Yaish2023,DESIGN_EXPOSED,1.5,0.5,543.1762462544266,pg/mL,1994,pmol/L,"mean at fixed 90-min sample, NOT true Cmax",Methods: Measures and Statistical methods; Results: Effect of GAHT on sex hormones final paragraph,Immulite 2000 chemiluminescence,25,synthetic_q6h_30days_not_actual_individual_history,conditional,79.80677530597791,-463.3694709484487,463.3694709484487,-0.8530738855826254,-1.9178254415717455,False,,Candidate_A
yaish_90min,Yaish2023,DESIGN_EXPOSED,1.5,0.5,543.1762462544266,pg/mL,1994,pmol/L,"mean at fixed 90-min sample, NOT true Cmax",Methods: Measures and Statistical methods; Results: Effect of GAHT on sex hormones final paragraph,Immulite 2000 chemiluminescence,50,synthetic_q6h_30days_not_actual_individual_history,conditional,93.2927468803523,-449.8834993740743,449.8834993740743,-0.8282459008035239,-1.7616914809361055,False,,Candidate_A
yaish_90min,Yaish2023,DESIGN_EXPOSED,1.5,0.5,543.1762462544266,pg/mL,1994,pmol/L,"mean at fixed 90-min sample, NOT true Cmax",Methods: Measures and Statistical methods; Results: Effect of GAHT on sex hormones final paragraph,Immulite 2000 chemiluminescence,0,synthetic_q6h_30days_not_actual_individual_history,conditional,68.61980347725179,-474.55644277717477,474.55644277717477,-0.873669358793886,-2.0688526725090126,False,,Candidate_B
yaish_90min,Yaish2023,DESIGN_EXPOSED,1.5,0.5,543.1762462544266,pg/mL,1994,pmol/L,"mean at fixed 90-min sample, NOT true Cmax",Methods: Measures and Statistical methods; Results: Effect of GAHT on sex hormones final paragraph,Immulite 2000 chemiluminescence,25,synthetic_q6h_30days_not_actual_individual_history,conditional,81.70664315134002,-461.46960310308657,461.46960310308657,-0.849576185050868,-1.8942985359248223,False,,Candidate_B
yaish_90min,Yaish2023,DESIGN_EXPOSED,1.5,0.5,543.1762462544266,pg/mL,1994,pmol/L,"mean at fixed 90-min sample, NOT true Cmax",Methods: Measures and Statistical methods; Results: Effect of GAHT on sex hormones final paragraph,Immulite 2000 chemiluminescence,50,synthetic_q6h_30days_not_actual_individual_history,conditional,94.79348282542824,-448.3827634289984,448.3827634289984,-0.8254830113078501,-1.7457331856764764,False,,Candidate_B
burnier_1h_fold,Burnier1981,DESIGN_EXPOSED,1,0.5,26,fold,26,fold,reported fold over basal level,Abstract single-dose results,unknown,5,conditional_fold_baseline_not_per_person_measurement,conditional,15.402380642617644,-10.597619357382356,10.597619357382356,-0.407600744514706,-0.5235744533663022,False,,HRT_current
burnier_1h_fold,Burnier1981,DESIGN_EXPOSED,1,0.5,26,fold,26,fold,reported fold over basal level,Abstract single-dose results,unknown,24,conditional_fold_baseline_not_per_person_measurement,conditional,4.000495967212009,-21.99950403278799,21.99950403278799,-0.8461347704918457,-1.8716781927849373,False,,HRT_current
burnier_1h_fold,Burnier1981,DESIGN_EXPOSED,1,0.5,26,fold,26,fold,reported fold over basal level,Abstract single-dose results,unknown,50,conditional_fold_baseline_not_per_person_measurement,conditional,2.4402380642617643,-23.559761935738237,23.559761935738237,-0.9061446898360861,-2.366000936155358,False,,HRT_current
burnier_1h_fold,Burnier1981,DESIGN_EXPOSED,1,0.5,26,fold,26,fold,reported fold over basal level,Abstract single-dose results,unknown,5,conditional_fold_baseline_not_per_person_measurement,conditional,49.075873615081306,23.075873615081306,23.075873615081306,0.8875336005800503,0.6352710036144102,False,,Featherline_80kg
burnier_1h_fold,Burnier1981,DESIGN_EXPOSED,1,0.5,26,fold,26,fold,reported fold over basal level,Abstract single-dose results,unknown,24,conditional_fold_baseline_not_per_person_measurement,conditional,11.015807003141939,-14.984192996858061,14.984192996858061,-0.5763151152637715,-0.8587652964343353,False,,Featherline_80kg
burnier_1h_fold,Burnier1981,DESIGN_EXPOSED,1,0.5,26,fold,26,fold,reported fold over basal level,Abstract single-dose results,unknown,50,conditional_fold_baseline_not_per_person_measurement,conditional,5.807587361508131,-20.19241263849187,20.19241263849187,-0.7766312553266104,-1.498931309595206,False,,Featherline_80kg
burnier_1h_fold,Burnier1981,DESIGN_EXPOSED,1,0.5,26,fold,26,fold,reported fold over basal level,Abstract single-dose results,unknown,5,conditional_fold_baseline_not_per_person_measurement,conditional,15.4,-10.6,10.6,-0.4076923076923077,-0.5237290286018985,False,,Candidate_A
burnier_1h_fold,Burnier1981,DESIGN_EXPOSED,1,0.5,26,fold,26,fold,reported fold over basal level,Abstract single-dose results,unknown,24,conditional_fold_baseline_not_per_person_measurement,conditional,4.0,-22.0,22.0,-0.8461538461538461,-1.8718021769015913,False,,Candidate_A
burnier_1h_fold,Burnier1981,DESIGN_EXPOSED,1,0.5,26,fold,26,fold,reported fold over basal level,Abstract single-dose results,unknown,50,conditional_fold_baseline_not_per_person_measurement,conditional,2.44,-23.56,23.56,-0.9061538461538461,-2.366098498716372,False,,Candidate_A
burnier_1h_fold,Burnier1981,DESIGN_EXPOSED,1,0.5,26,fold,26,fold,reported fold over basal level,Abstract single-dose results,unknown,5,conditional_fold_baseline_not_per_person_measurement,conditional,15.4,-10.6,10.6,-0.4076923076923077,-0.5237290286018985,False,,Candidate_B
burnier_1h_fold,Burnier1981,DESIGN_EXPOSED,1,0.5,26,fold,26,fold,reported fold over basal level,Abstract single-dose results,unknown,24,conditional_fold_baseline_not_per_person_measurement,conditional,4.0,-22.0,22.0,-0.8461538461538461,-1.8718021769015913,False,,Candidate_B
burnier_1h_fold,Burnier1981,DESIGN_EXPOSED,1,0.5,26,fold,26,fold,reported fold over basal level,Abstract single-dose results,unknown,50,conditional_fold_baseline_not_per_person_measurement,conditional,2.44,-23.56,23.56,-0.9061538461538461,-2.366098498716372,False,,Candidate_B
