subject_code,sample_code,collection_utc,role,e2_pg_ml,quantified,lloq_pg_ml,sd_pg_ml,assay_method,assay_batch
DEMO_PERSON_001,DEMO_PERSON_001-B,2025-02-01T11:50:00Z,BASELINE,17.00000,YES,5,3,LC-MS/MS,DEMO_LOT_A
DEMO_PERSON_001,DEMO_PERSON_001-1p0,2025-02-01T13:00:00Z,ANCHOR,117.589030,YES,5,3,LC-MS/MS,DEMO_LOT_A
DEMO_PERSON_001,DEMO_PERSON_001-2p0,2025-02-01T14:00:00Z,EVAL,125.329135,YES,5,3,LC-MS/MS,DEMO_LOT_A
DEMO_PERSON_001,DEMO_PERSON_001-4p0,2025-02-01T16:00:00Z,EVAL,84.077455,YES,5,3,LC-MS/MS,DEMO_LOT_A
DEMO_PERSON_001,DEMO_PERSON_001-8p0,2025-02-01T20:00:00Z,EVAL,35.040896,YES,5,3,LC-MS/MS,DEMO_LOT_A
DEMO_PERSON_001,DEMO_PERSON_001-12p0,2025-02-02T00:00:00Z,EVAL,22.982668,YES,5,3,LC-MS/MS,DEMO_LOT_A
DEMO_PERSON_001,DEMO_PERSON_001-24p0,2025-02-02T12:00:00Z,EVAL,18.251862,YES,5,3,LC-MS/MS,DEMO_LOT_A
DEMO_PERSON_002,DEMO_PERSON_002-B,2025-02-02T11:50:00Z,BASELINE,20.00000,YES,5,3,IMMUNOASSAY,DEMO_LOT_A
DEMO_PERSON_002,DEMO_PERSON_002-1p0,2025-02-02T13:00:00Z,ANCHOR,125.636508,YES,5,3,IMMUNOASSAY,DEMO_LOT_A
DEMO_PERSON_002,DEMO_PERSON_002-2p0,2025-02-02T14:00:00Z,EVAL,133.176042,YES,5,3,IMMUNOASSAY,DEMO_LOT_A
DEMO_PERSON_002,DEMO_PERSON_002-4p0,2025-02-02T16:00:00Z,EVAL,90.316331,YES,5,3,IMMUNOASSAY,DEMO_LOT_A
DEMO_PERSON_002,DEMO_PERSON_002-8p0,2025-02-02T20:00:00Z,EVAL,38.504245,YES,5,3,IMMUNOASSAY,DEMO_LOT_A
DEMO_PERSON_002,DEMO_PERSON_002-12p0,2025-02-03T00:00:00Z,EVAL,26.970300,YES,5,3,IMMUNOASSAY,DEMO_LOT_A
DEMO_PERSON_002,DEMO_PERSON_002-24p0,2025-02-03T12:00:00Z,EVAL,21.887409,YES,5,3,IMMUNOASSAY,DEMO_LOT_A
DEMO_PERSON_003,DEMO_PERSON_003-B,2025-02-03T11:50:00Z,BASELINE,23.00000,YES,5,3,LC-MS/MS,DEMO_LOT_A
DEMO_PERSON_003,DEMO_PERSON_003-1p0,2025-02-03T13:00:00Z,ANCHOR,133.098784,YES,5,3,LC-MS/MS,DEMO_LOT_A
DEMO_PERSON_003,DEMO_PERSON_003-2p0,2025-02-03T14:00:00Z,EVAL,140.932128,YES,5,3,LC-MS/MS,DEMO_LOT_A
DEMO_PERSON_003,DEMO_PERSON_003-4p0,2025-02-03T16:00:00Z,EVAL,97.172348,YES,5,3,LC-MS/MS,DEMO_LOT_A
DEMO_PERSON_003,DEMO_PERSON_003-8p0,2025-02-03T20:00:00Z,EVAL,41.702365,YES,5,3,LC-MS/MS,DEMO_LOT_A
DEMO_PERSON_003,DEMO_PERSON_003-12p0,2025-02-04T00:00:00Z,EVAL,30.687522,YES,5,3,LC-MS/MS,DEMO_LOT_A
DEMO_PERSON_003,DEMO_PERSON_003-24p0,2025-02-04T12:00:00Z,EVAL,25.608135,YES,5,3,LC-MS/MS,DEMO_LOT_A
DEMO_PERSON_004,DEMO_PERSON_004-B,2025-02-04T11:50:00Z,BASELINE,17.00000,YES,5,3,IMMUNOASSAY,DEMO_LOT_A
DEMO_PERSON_004,DEMO_PERSON_004-1p0,2025-02-04T13:00:00Z,ANCHOR,131.470238,YES,5,3,IMMUNOASSAY,DEMO_LOT_A
DEMO_PERSON_004,DEMO_PERSON_004-2p0,2025-02-04T14:00:00Z,EVAL,140.175274,YES,5,3,IMMUNOASSAY,DEMO_LOT_A
DEMO_PERSON_004,DEMO_PERSON_004-4p0,2025-02-04T16:00:00Z,EVAL,95.208190,YES,5,3,IMMUNOASSAY,DEMO_LOT_A
DEMO_PERSON_004,DEMO_PERSON_004-8p0,2025-02-04T20:00:00Z,EVAL,36.250604,YES,5,3,IMMUNOASSAY,DEMO_LOT_A
DEMO_PERSON_004,DEMO_PERSON_004-12p0,2025-02-05T00:00:00Z,EVAL,24.767211,YES,5,3,IMMUNOASSAY,DEMO_LOT_A
DEMO_PERSON_004,DEMO_PERSON_004-24p0,2025-02-05T12:00:00Z,EVAL,19.838095,YES,5,3,IMMUNOASSAY,DEMO_LOT_A
DEMO_PERSON_005,DEMO_PERSON_005-B,2025-02-05T11:50:00Z,BASELINE,20.00000,YES,5,3,LC-MS/MS,DEMO_LOT_B
DEMO_PERSON_005,DEMO_PERSON_005-1p0,2025-02-05T13:00:00Z,ANCHOR,139.328753,YES,5,3,LC-MS/MS,DEMO_LOT_B
DEMO_PERSON_005,DEMO_PERSON_005-2p0,2025-02-05T14:00:00Z,EVAL,149.035561,YES,5,3,LC-MS/MS,DEMO_LOT_B
DEMO_PERSON_005,DEMO_PERSON_005-4p0,2025-02-05T16:00:00Z,EVAL,101.821211,YES,5,3,LC-MS/MS,DEMO_LOT_B
DEMO_PERSON_005,DEMO_PERSON_005-8p0,2025-02-05T20:00:00Z,EVAL,40.442413,YES,5,3,LC-MS/MS,DEMO_LOT_B
DEMO_PERSON_005,DEMO_PERSON_005-12p0,2025-02-06T00:00:00Z,EVAL,27.428391,YES,5,3,LC-MS/MS,DEMO_LOT_B
DEMO_PERSON_005,DEMO_PERSON_005-24p0,2025-02-06T12:00:00Z,EVAL,22.452554,YES,5,3,LC-MS/MS,DEMO_LOT_B
DEMO_PERSON_006,DEMO_PERSON_006-B,2025-02-06T11:50:00Z,BASELINE,23.00000,YES,5,3,IMMUNOASSAY,DEMO_LOT_B
DEMO_PERSON_006,DEMO_PERSON_006-1p0,2025-02-06T13:00:00Z,ANCHOR,147.804409,YES,5,3,IMMUNOASSAY,DEMO_LOT_B
DEMO_PERSON_006,DEMO_PERSON_006-2p0,2025-02-06T14:00:00Z,EVAL,158.075674,YES,5,3,IMMUNOASSAY,DEMO_LOT_B
DEMO_PERSON_006,DEMO_PERSON_006-4p0,2025-02-06T16:00:00Z,EVAL,107.797504,YES,5,3,IMMUNOASSAY,DEMO_LOT_B
DEMO_PERSON_006,DEMO_PERSON_006-8p0,2025-02-06T20:00:00Z,EVAL,44.979548,YES,5,3,IMMUNOASSAY,DEMO_LOT_B
DEMO_PERSON_006,DEMO_PERSON_006-12p0,2025-02-07T00:00:00Z,EVAL,30.274859,YES,5,3,IMMUNOASSAY,DEMO_LOT_B
DEMO_PERSON_006,DEMO_PERSON_006-24p0,2025-02-07T12:00:00Z,EVAL,24.892665,YES,5,3,IMMUNOASSAY,DEMO_LOT_B
DEMO_PERSON_007,DEMO_PERSON_007-B,2025-02-07T11:50:00Z,BASELINE,17.00000,YES,5,3,LC-MS/MS,DEMO_LOT_B
DEMO_PERSON_007,DEMO_PERSON_007-1p0,2025-02-07T13:00:00Z,ANCHOR,147.459891,YES,5,3,LC-MS/MS,DEMO_LOT_B
DEMO_PERSON_007,DEMO_PERSON_007-2p0,2025-02-07T14:00:00Z,EVAL,157.692966,YES,5,3,LC-MS/MS,DEMO_LOT_B
DEMO_PERSON_007,DEMO_PERSON_007-4p0,2025-02-07T16:00:00Z,EVAL,104.508567,YES,5,3,LC-MS/MS,DEMO_LOT_B
DEMO_PERSON_007,DEMO_PERSON_007-8p0,2025-02-07T20:00:00Z,EVAL,40.246274,YES,5,3,LC-MS/MS,DEMO_LOT_B
DEMO_PERSON_007,DEMO_PERSON_007-12p0,2025-02-08T00:00:00Z,EVAL,24.740059,YES,5,3,LC-MS/MS,DEMO_LOT_B
DEMO_PERSON_007,DEMO_PERSON_007-24p0,2025-02-08T12:00:00Z,EVAL,18.759875,YES,5,3,LC-MS/MS,DEMO_LOT_B
DEMO_PERSON_008,DEMO_PERSON_008-B,2025-02-08T11:50:00Z,BASELINE,20.00000,YES,5,3,IMMUNOASSAY,DEMO_LOT_B
DEMO_PERSON_008,DEMO_PERSON_008-1p0,2025-02-08T13:00:00Z,ANCHOR,155.692551,YES,5,3,IMMUNOASSAY,DEMO_LOT_B
DEMO_PERSON_008,DEMO_PERSON_008-2p0,2025-02-08T14:00:00Z,EVAL,165.673529,YES,5,3,IMMUNOASSAY,DEMO_LOT_B
DEMO_PERSON_008,DEMO_PERSON_008-4p0,2025-02-08T16:00:00Z,EVAL,110.569750,YES,5,3,IMMUNOASSAY,DEMO_LOT_B
DEMO_PERSON_008,DEMO_PERSON_008-8p0,2025-02-08T20:00:00Z,EVAL,43.875468,YES,5,3,IMMUNOASSAY,DEMO_LOT_B
DEMO_PERSON_008,DEMO_PERSON_008-12p0,2025-02-09T00:00:00Z,EVAL,28.688578,YES,5,3,IMMUNOASSAY,DEMO_LOT_B
DEMO_PERSON_008,DEMO_PERSON_008-24p0,2025-02-09T12:00:00Z,EVAL,22.262959,YES,5,3,IMMUNOASSAY,DEMO_LOT_B
